pokedex_number,pokemon_name,type_1,type_2,shape,height,weight,bmi,hit_points,attack,defense,special_attack,special_defense,speed,total_stats,capture_rate,generation,base_happiness,base_experience,exp_type,evolves_from,mega_evolution,is_default,baby_pokemon,alolan_form,galarian_form,forms_switchable,legendary,mythical,genderless,female_rate,genus,egg_group_1,egg_group_2,egg_cycles,against_normal,against_fire,against_water,against_electric,against_grass,against_ice,against_fighting,against_poison,against_ground,against_flying,against_psychic,against_bug,against_rock,against_ghost,against_dragon,against_dark,against_steel,against_fairy
2,Ivysaur,Grass,Poison,Quadruped,1.0,13.0,13.0,60,62,63,80,80,60,405,45,1,70,142,Medium Slow,Bulbasaur,False,True,False,False,False,False,False,False,False,0.125,Seed ,Monster,Grass,20,1.0,2.0,0.5,0.5,0.25,2.0,0.5,1.0,1.0,2.0,2.0,1.0,1.0,1.0,1.0,1.0,1.0,0.5
3,Mega Venusaur,Grass,Poison,Quadruped,2.4,155.5,27.0,80,100,123,122,120,80,625,45,6,70,281,Medium Slow,Ivysaur,True,False,False,False,False,True,False,False,False,0.125,Seed ,Monster,Grass,20,1.0,2.0,0.5,0.5,0.25,2.0,0.5,1.0,1.0,2.0,2.0,1.0,1.0,1.0,1.0,1.0,1.0,0.5
3,Venusaur,Grass,Poison,Quadruped,2.0,100.0,25.0,80,82,83,100,100,80,525,45,1,70,236,Medium Slow,Ivysaur,False,True,False,False,False,True,False,False,False,0.125,Seed ,Monster,Grass,20,1.0,2.0,0.5,0.5,0.25,2.0,0.5,1.0,1.0,2.0,2.0,1.0,1.0,1.0,1.0,1.0,1.0,0.5
3,Venusaur Gmax,Grass,Poison,Quadruped,24.0,10000.0,17.4,80,82,83,100,100,80,525,45,8,70,236,Medium Slow,Ivysaur,False,False,False,False,False,True,False,False,False,0.125,Seed ,Monster,Grass,20,1.0,2.0,0.5,0.5,0.25,2.0,0.5,1.0,1.0,2.0,2.0,1.0,1.0,1.0,1.0,1.0,1.0,0.5
6,Charizard,Fire,Flying,Upright,1.7,90.5,31.3,78,84,78,109,85,100,534,45,1,70,240,Medium Slow,Charmeleon,False,True,False,False,False,True,False,False,False,0.125,Flame ,Monster,Dragon,20,1.0,0.5,2.0,2.0,0.25,1.0,0.5,1.0,0.0,1.0,1.0,0.25,4.0,1.0,1.0,1.0,0.5,0.5
6,Charizard Gmax,Fire,Flying,Upright,28.0,10000.0,12.8,78,84,78,109,85,100,534,45,8,70,240,Medium Slow,Charmeleon,False,False,False,False,False,True,False,False,False,0.125,Flame ,Monster,Dragon,20,1.0,0.5,2.0,2.0,0.25,1.0,0.5,1.0,0.0,1.0,1.0,0.25,4.0,1.0,1.0,1.0,0.5,0.5
6,Mega Charizard X,Fire,Dragon,Upright,1.7,110.5,38.2,78,130,111,130,85,100,634,45,6,70,285,Medium Slow,Charmeleon,True,False,False,False,False,True,False,False,False,0.125,Flame ,Monster,Dragon,20,1.0,0.25,1.0,0.5,0.25,1.0,1.0,1.0,2.0,1.0,1.0,0.5,2.0,1.0,2.0,1.0,0.5,1.0
6,Mega Charizard Y,Fire,Flying,Upright,1.7,100.5,34.8,78,104,78,159,115,100,634,45,6,70,285,Medium Slow,Charmeleon,True,False,False,False,False,True,False,False,False,0.125,Flame ,Monster,Dragon,20,1.0,0.5,2.0,2.0,0.25,1.0,0.5,1.0,0.0,1.0,1.0,0.25,4.0,1.0,1.0,1.0,0.5,0.5
12,Butterfree,Bug,Flying,Bug-Wings,1.1,32.0,26.4,60,45,50,90,80,70,395,45,1,70,178,Medium Fast,Metapod,False,True,False,False,False,False,False,False,False,0.5,Butterfly ,Bug,,15,1.0,2.0,1.0,2.0,0.25,2.0,0.25,1.0,0.0,2.0,1.0,0.5,4.0,1.0,1.0,1.0,1.0,1.0
12,Butterfree Gmax,Bug,Flying,Bug-Wings,17.0,10000.0,34.6,60,45,50,90,80,70,395,45,8,70,178,Medium Fast,Metapod,False,False,False,False,False,False,False,False,False,0.5,Butterfly ,Bug,,15,1.0,2.0,1.0,2.0,0.25,2.0,0.25,1.0,0.0,2.0,1.0,0.5,4.0,1.0,1.0,1.0,1.0,1.0
14,Kakuna,Bug,Poison,Squiggle,0.6,10.0,27.8,45,25,50,25,25,35,205,120,1,70,72,Medium Fast,Weedle,False,True,False,False,False,False,False,False,False,0.5,Cocoon ,Bug,,15,1.0,2.0,1.0,1.0,0.25,1.0,0.25,0.5,1.0,2.0,2.0,0.5,2.0,1.0,1.0,1.0,1.0,0.5
15,Beedrill,Bug,Poison,Bug-Wings,1.0,29.5,29.5,65,90,40,45,80,75,395,45,1,70,178,Medium Fast,Kakuna,False,True,False,False,False,True,False,False,False,0.5,Poison Bee ,Bug,,15,1.0,2.0,1.0,1.0,0.25,1.0,0.25,0.5,1.0,2.0,2.0,0.5,2.0,1.0,1.0,1.0,1.0,0.5
15,Mega Beedrill,Bug,Poison,Bug-Wings,1.4,40.5,20.7,65,150,40,15,80,145,495,45,6,70,223,Medium Fast,Kakuna,True,False,False,False,False,True,False,False,False,0.5,Poison Bee ,Bug,,15,1.0,2.0,1.0,1.0,0.25,1.0,0.25,0.5,1.0,2.0,2.0,0.5,2.0,1.0,1.0,1.0,1.0,0.5
17,Pidgeotto,Normal,Flying,Wings,1.1,30.0,24.8,63,60,55,50,50,71,349,120,1,70,122,Medium Slow,Pidgey,False,True,False,False,False,False,False,False,False,0.5,Bird ,Flying,,15,1.0,1.0,1.0,2.0,0.5,2.0,1.0,1.0,0.0,1.0,1.0,0.5,2.0,0.0,1.0,1.0,1.0,1.0
18,Mega Pidgeot,Normal,Flying,Wings,2.2,50.5,10.4,83,80,80,135,80,121,579,45,6,70,261,Medium Slow,Pidgeotto,True,False,False,False,False,True,False,False,False,0.5,Bird ,Flying,,15,1.0,1.0,1.0,2.0,0.5,2.0,1.0,1.0,0.0,1.0,1.0,0.5,2.0,0.0,1.0,1.0,1.0,1.0
18,Pidgeot,Normal,Flying,Wings,1.5,39.5,17.6,83,80,75,70,70,101,479,45,1,70,216,Medium Slow,Pidgeotto,False,True,False,False,False,True,False,False,False,0.5,Bird ,Flying,,15,1.0,1.0,1.0,2.0,0.5,2.0,1.0,1.0,0.0,1.0,1.0,0.5,2.0,0.0,1.0,1.0,1.0,1.0
20,Alolan Raticate,Dark,Normal,Quadruped,0.7,25.5,52.0,75,71,70,40,80,77,413,127,7,70,145,Medium Fast,Rattata,False,False,False,True,False,False,False,False,False,0.5,Mouse ,Field,,15,1.0,1.0,1.0,1.0,1.0,1.0,4.0,1.0,1.0,1.0,0.0,2.0,1.0,0.0,1.0,0.5,1.0,2.0
20,Alolan Raticate Totem,Dark,Normal,Quadruped,1.4,105.0,53.6,75,71,70,40,80,77,413,127,7,70,145,Medium Fast,Rattata,False,False,False,True,False,False,False,False,False,0.5,Mouse ,Field,,15,1.0,1.0,1.0,1.0,1.0,1.0,4.0,1.0,1.0,1.0,0.0,2.0,1.0,0.0,1.0,0.5,1.0,2.0
22,Fearow,Normal,Flying,Wings,1.2,38.0,26.4,65,90,65,61,61,100,442,90,1,70,155,Medium Fast,Spearow,False,True,False,False,False,False,False,False,False,0.5,Beak ,Flying,,15,1.0,1.0,1.0,2.0,0.5,2.0,1.0,1.0,0.0,1.0,1.0,0.5,2.0,0.0,1.0,1.0,1.0,1.0
26,Alolan Raichu,Electric,Psychic,Upright,0.7,21.0,42.9,60,85,50,95,85,110,485,75,7,70,218,Medium Fast,Pikachu,False,False,False,True,False,False,False,False,False,0.5,Mouse ,Field,Fairy,10,1.0,1.0,1.0,0.5,1.0,1.0,0.5,1.0,2.0,0.5,0.5,2.0,1.0,2.0,1.0,2.0,0.5,1.0
28,Alolan Sandslash,Ice,Steel,Upright,1.2,55.0,38.2,75,100,120,25,65,65,450,90,7,70,158,Medium Fast,Sandshrew,False,False,False,True,False,False,False,False,False,0.5,Mouse ,Field,,20,0.5,4.0,1.0,1.0,0.5,0.25,4.0,0.0,2.0,0.5,0.5,0.5,1.0,1.0,0.5,1.0,1.0,0.5
31,Nidoqueen,Poison,Ground,Upright,1.3,60.0,35.5,90,92,87,75,85,76,505,45,1,70,227,Medium Slow,Nidorina,False,True,False,False,False,False,False,False,False,1.0,Drill ,Undiscovered,,20,1.0,1.0,2.0,0.0,1.0,2.0,0.5,0.25,2.0,1.0,2.0,0.5,0.5,1.0,1.0,1.0,1.0,0.5
34,Nidoking,Poison,Ground,Upright,1.4,62.0,31.6,81,102,77,85,75,85,505,45,1,70,227,Medium Slow,Nidorino,False,True,False,False,False,False,False,False,False,0.0,Drill ,Monster,Field,20,1.0,1.0,2.0,0.0,1.0,2.0,0.5,0.25,2.0,1.0,2.0,0.5,0.5,1.0,1.0,1.0,1.0,0.5
38,Alolan Ninetales,Ice,Fairy,Quadruped,1.1,19.9,16.4,73,67,75,81,100,109,505,75,7,70,177,Medium Fast,Vulpix,False,False,False,True,False,False,False,False,False,0.75,Fox ,Field,,20,1.0,2.0,1.0,1.0,1.0,0.5,1.0,2.0,1.0,1.0,1.0,0.5,2.0,1.0,0.0,0.5,4.0,1.0
39,Jigglypuff,Normal,Fairy,Humanoid,0.5,5.5,22.0,115,45,20,45,25,20,270,170,1,70,95,Fast,Igglybuff,False,True,False,False,False,False,False,False,False,0.75,Balloon ,Fairy,,10,1.0,1.0,1.0,1.0,1.0,1.0,1.0,2.0,1.0,1.0,1.0,0.5,1.0,0.0,0.0,0.5,2.0,1.0
40,Wigglytuff,Normal,Fairy,Humanoid,1.0,12.0,12.0,140,70,45,85,50,45,435,50,1,70,196,Fast,Jigglypuff,False,True,False,False,False,False,False,False,False,0.75,Balloon ,Fairy,,10,1.0,1.0,1.0,1.0,1.0,1.0,1.0,2.0,1.0,1.0,1.0,0.5,1.0,0.0,0.0,0.5,2.0,1.0
42,Golbat,Poison,Flying,Wings,1.6,55.0,21.5,75,80,70,65,75,90,455,90,1,70,159,Medium Fast,Zubat,False,True,False,False,False,False,False,False,False,0.5,Bat ,Flying,,15,1.0,1.0,1.0,2.0,0.25,2.0,0.25,0.5,0.0,1.0,2.0,0.25,2.0,1.0,1.0,1.0,1.0,0.5
44,Gloom,Grass,Poison,Humanoid,0.8,8.6,13.4,60,65,70,85,75,40,395,120,1,70,138,Medium Slow,Oddish,False,True,False,False,False,False,False,False,False,0.5,Weed ,Grass,,20,1.0,2.0,0.5,0.5,0.25,2.0,0.5,1.0,1.0,2.0,2.0,1.0,1.0,1.0,1.0,1.0,1.0,0.5
45,Vileplume,Grass,Poison,Humanoid,1.2,18.6,12.9,75,80,85,110,90,50,490,45,1,70,221,Medium Slow,Gloom,False,True,False,False,False,False,False,False,False,0.5,Flower ,Grass,,20,1.0,2.0,0.5,0.5,0.25,2.0,0.5,1.0,1.0,2.0,2.0,1.0,1.0,1.0,1.0,1.0,1.0,0.5
47,Parasect,Bug,Grass,Armor,1.0,29.5,29.5,60,95,80,60,80,30,405,75,1,70,142,Medium Fast,Paras,False,True,False,False,False,False,False,False,False,0.5,Mushroom ,Bug,Grass,20,1.0,4.0,0.5,0.5,0.25,2.0,0.5,2.0,0.25,4.0,1.0,2.0,2.0,1.0,1.0,1.0,1.0,1.0
49,Venomoth,Bug,Poison,Bug-Wings,1.5,12.5,5.6,70,65,60,90,75,90,450,75,1,70,158,Medium Fast,Venonat,False,True,False,False,False,False,False,False,False,0.5,Poison Moth ,Bug,,20,1.0,2.0,1.0,1.0,0.25,1.0,0.25,0.5,1.0,2.0,2.0,0.5,2.0,1.0,1.0,1.0,1.0,0.5
51,Alolan Dugtrio,Ground,Steel,Heads,0.7,66.6,135.9,35,100,60,50,70,110,425,50,7,70,149,Medium Fast,Diglett,False,False,False,True,False,False,False,False,False,0.5,Mole ,Field,,20,0.5,2.0,2.0,0.0,1.0,1.0,2.0,0.0,2.0,0.5,0.5,0.5,0.25,1.0,0.5,1.0,0.5,0.5
62,Poliwrath,Water,Fighting,Humanoid,1.3,54.0,32.0,90,95,95,70,90,70,510,45,1,70,230,Medium Slow,Poliwhirl,False,True,False,False,False,False,False,False,False,0.5,Tadpole ,Water 1,,20,1.0,0.5,0.5,2.0,2.0,0.5,1.0,1.0,1.0,2.0,2.0,0.5,0.5,1.0,1.0,0.5,0.5,2.0
70,Weepinbell,Grass,Poison,Blob,1.0,6.4,6.4,65,90,50,85,45,55,390,120,1,70,137,Medium Slow,Bellsprout,False,True,False,False,False,False,False,False,False,0.5,Flycatcher ,Grass,,20,1.0,2.0,0.5,0.5,0.25,2.0,0.5,1.0,1.0,2.0,2.0,1.0,1.0,1.0,1.0,1.0,1.0,0.5
71,Victreebel,Grass,Poison,Blob,1.7,15.5,5.4,80,105,65,100,70,70,490,45,1,70,221,Medium Slow,Weepinbell,False,True,False,False,False,False,False,False,False,0.5,Flycatcher ,Grass,,20,1.0,2.0,0.5,0.5,0.25,2.0,0.5,1.0,1.0,2.0,2.0,1.0,1.0,1.0,1.0,1.0,1.0,0.5
73,Tentacruel,Water,Poison,Tentacles,1.6,55.0,21.5,80,70,65,80,120,100,515,60,1,70,180,Slow,Tentacool,False,True,False,False,False,False,False,False,False,0.5,Jellyfish ,Water 3,,20,1.0,0.5,0.5,2.0,1.0,0.5,0.5,0.5,2.0,1.0,2.0,0.5,1.0,1.0,1.0,1.0,0.5,0.5
75,Alolan Graveler,Rock,Electric,Humanoid,1.0,110.0,110.0,55,95,115,45,45,35,390,120,7,70,137,Medium Slow,Geodude,False,False,False,True,False,False,False,False,False,0.5,Rock ,Mineral,,15,0.5,0.5,2.0,0.5,2.0,1.0,2.0,0.5,4.0,0.25,1.0,1.0,1.0,1.0,1.0,1.0,1.0,1.0
75,Graveler,Rock,Ground,Humanoid,1.0,105.0,105.0,55,95,115,45,45,35,390,120,1,70,137,Medium Slow,Geodude,False,True,False,False,False,False,False,False,False,0.5,Rock ,Mineral,,15,0.5,0.5,4.0,0.0,4.0,2.0,2.0,0.25,2.0,0.5,1.0,1.0,0.5,1.0,1.0,1.0,2.0,1.0
76,Alolan Golem,Rock,Electric,Humanoid,1.7,316.0,109.3,80,120,130,55,65,45,495,45,7,70,223,Medium Slow,Graveler,False,False,False,True,False,False,False,False,False,0.5,Megaton ,Mineral,,15,0.5,0.5,2.0,0.5,2.0,1.0,2.0,0.5,4.0,0.25,1.0,1.0,1.0,1.0,1.0,1.0,1.0,1.0
76,Golem,Rock,Ground,Humanoid,1.4,300.0,153.1,80,120,130,55,65,45,495,45,1,70,223,Medium Slow,Graveler,False,True,False,False,False,False,False,False,False,0.5,Megaton ,Mineral,,15,0.5,0.5,4.0,0.0,4.0,2.0,2.0,0.25,2.0,0.5,1.0,1.0,0.5,1.0,1.0,1.0,2.0,1.0
78,Galarian Rapidash,Psychic,Fairy,Quadruped,1.7,80.0,27.7,65,100,70,80,80,105,500,60,8,70,175,Medium Fast,Ponyta,False,False,False,False,True,False,False,False,False,0.5,Fire Horse ,Field,,20,1.0,1.0,1.0,1.0,1.0,1.0,0.25,2.0,1.0,1.0,0.5,1.0,1.0,2.0,0.0,1.0,2.0,1.0
80,Galarian Slowbro,Poison,Psychic,Upright,1.6,70.5,27.5,95,100,95,100,70,30,490,75,8,70,172,Medium Fast,Slowpoke,False,False,False,False,True,True,False,False,False,0.5,Hermit Crab ,Monster,Water 1,20,1.0,1.0,1.0,1.0,0.5,1.0,0.25,0.5,2.0,1.0,1.0,1.0,1.0,2.0,1.0,2.0,1.0,0.5
80,Mega Slowbro,Water,Psychic,Upright,2.0,120.0,30.0,95,75,180,130,80,30,590,75,6,70,207,Medium Fast,Slowpoke,True,False,False,False,False,True,False,False,False,0.5,Hermit Crab ,Monster,Water 1,20,1.0,0.5,0.5,2.0,2.0,0.5,0.5,1.0,1.0,1.0,0.5,2.0,1.0,2.0,1.0,2.0,0.5,1.0
80,Slowbro,Water,Psychic,Upright,1.6,78.5,30.7,95,75,110,100,80,30,490,75,1,70,172,Medium Fast,Slowpoke,False,True,False,False,False,True,False,False,False,0.5,Hermit Crab ,Monster,Water 1,20,1.0,0.5,0.5,2.0,2.0,0.5,0.5,1.0,1.0,1.0,0.5,2.0,1.0,2.0,1.0,2.0,0.5,1.0
82,Magneton,Electric,Steel,Heads,1.0,60.0,60.0,50,60,95,120,70,70,465,60,1,70,163,Medium Fast,Magnemite,False,True,False,False,False,False,False,False,True,0.0,Magnet ,Mineral,,20,0.5,2.0,1.0,0.5,0.5,0.5,2.0,0.0,4.0,0.25,0.5,0.5,0.5,1.0,0.5,1.0,0.25,0.5
85,Dodrio,Normal,Flying,Legs,1.8,85.2,26.3,60,110,70,60,60,110,470,45,1,70,165,Medium Fast,Doduo,False,True,False,False,False,False,False,False,False,0.5,Triple Bird ,Flying,,20,1.0,1.0,1.0,2.0,0.5,2.0,1.0,1.0,0.0,1.0,1.0,0.5,2.0,0.0,1.0,1.0,1.0,1.0
87,Dewgong,Water,Ice,Fish,1.7,120.0,41.5,90,70,80,70,95,70,475,75,1,70,166,Medium Fast,Seel,False,True,False,False,False,False,False,False,False,0.5,Sea Lion ,Water 1,Field,20,1.0,1.0,0.5,2.0,2.0,0.25,2.0,1.0,1.0,1.0,1.0,1.0,2.0,1.0,1.0,1.0,1.0,1.0
89,Alolan Muk,Poison,Dark,Arms,1.0,52.0,52.0,105,105,75,65,100,50,500,75,7,70,175,Medium Fast,Grimer,False,False,False,True,False,False,False,False,False,0.5,Sludge ,Amorphous,,20,1.0,1.0,1.0,1.0,0.5,1.0,1.0,0.5,2.0,1.0,0.0,1.0,1.0,0.5,1.0,0.5,1.0,1.0
91,Cloyster,Water,Ice,Ball,1.5,132.5,58.9,50,95,180,85,45,70,525,60,1,70,184,Slow,Shellder,False,True,False,False,False,False,False,False,False,0.5,Bivalve ,Water 3,,20,1.0,1.0,0.5,2.0,2.0,0.25,2.0,1.0,1.0,1.0,1.0,1.0,2.0,1.0,1.0,1.0,1.0,1.0
93,Haunter,Ghost,Poison,Arms,1.6,0.1,0.0,45,50,45,115,55,95,405,90,1,70,142,Medium Slow,Gastly,False,True,False,False,False,False,False,False,False,0.5,Gas ,Amorphous,,20,0.0,1.0,1.0,1.0,0.5,1.0,0.0,0.25,2.0,1.0,2.0,0.25,1.0,2.0,1.0,2.0,1.0,0.5
94,Gengar,Ghost,Poison,Upright,1.5,40.5,18.0,60,65,60,130,75,110,500,45,1,70,225,Medium Slow,Haunter,False,True,False,False,False,True,False,False,False,0.5,Shadow ,Amorphous,,20,0.0,1.0,1.0,1.0,0.5,1.0,0.0,0.25,2.0,1.0,2.0,0.25,1.0,2.0,1.0,2.0,1.0,0.5
94,Gengar Gmax,Ghost,Poison,Upright,2.0,10000.0,2500.0,60,65,60,130,75,110,500,45,8,70,225,Medium Slow,Haunter,False,False,False,False,False,True,False,False,False,0.5,Shadow ,Amorphous,,20,0.0,1.0,1.0,1.0,0.5,1.0,0.0,0.25,2.0,1.0,2.0,0.25,1.0,2.0,1.0,2.0,1.0,0.5
94,Mega Gengar,Ghost,Poison,Upright,1.4,40.5,20.7,60,65,80,170,95,130,600,45,6,70,270,Medium Slow,Haunter,True,False,False,False,False,True,False,False,False,0.5,Shadow ,Amorphous,,20,0.0,1.0,1.0,1.0,0.5,1.0,0.0,0.25,2.0,1.0,2.0,0.25,1.0,2.0,1.0,2.0,1.0,0.5
103,Alolan Exeggutor,Grass,Dragon,Legs,10.9,415.6,3.5,95,105,85,125,75,45,530,45,7,70,186,Slow,Exeggcute,False,False,False,True,False,False,False,False,False,0.5,Coconut ,Grass,,20,1.0,1.0,0.25,0.25,0.25,4.0,1.0,2.0,0.5,2.0,1.0,2.0,1.0,1.0,2.0,1.0,1.0,2.0
103,Exeggutor,Grass,Psychic,Legs,2.0,120.0,30.0,95,95,85,125,75,55,530,45,1,70,186,Slow,Exeggcute,False,True,False,False,False,False,False,False,False,0.5,Coconut ,Grass,,20,1.0,2.0,0.5,0.5,0.5,2.0,0.5,2.0,0.5,2.0,0.5,4.0,1.0,2.0,1.0,2.0,1.0,1.0
105,Alolan Marowak,Fire,Ghost,Upright,1.0,34.0,34.0,60,80,110,50,80,45,425,75,7,70,149,Medium Fast,Cubone,False,False,False,True,False,False,False,False,False,0.5,Bone Keeper ,Monster,,20,0.0,0.5,2.0,1.0,0.5,0.5,0.0,0.5,2.0,1.0,1.0,0.25,2.0,2.0,1.0,2.0,0.5,0.5
105,Marowak Totem,Fire,Ghost,Upright,1.7,98.0,33.9,60,80,110,50,80,45,425,75,7,70,149,Medium Fast,Cubone,False,False,False,True,False,False,False,False,False,0.5,Bone Keeper ,Monster,,20,0.0,0.5,2.0,1.0,0.5,0.5,0.0,0.5,2.0,1.0,1.0,0.25,2.0,2.0,1.0,2.0,0.5,0.5
110,Galarian Weezing,Poison,Fairy,Heads,3.0,16.0,1.8,65,90,120,85,70,60,490,60,8,70,172,Medium Fast,Koffing,False,False,False,False,True,False,False,False,False,0.5,Poison Gas ,Amorphous,,20,1.0,1.0,1.0,1.0,0.5,1.0,0.25,1.0,2.0,1.0,2.0,0.25,1.0,1.0,0.0,0.5,2.0,0.5
112,Rhydon,Ground,Rock,Upright,1.9,120.0,33.2,105,130,120,45,45,40,485,60,1,70,170,Slow,Rhyhorn,False,True,False,False,False,False,False,False,False,0.5,Drill ,Monster,Field,20,0.5,0.5,4.0,0.0,4.0,2.0,2.0,0.25,2.0,0.5,1.0,1.0,0.5,1.0,1.0,1.0,2.0,1.0
121,Starmie,Water,Psychic,Blob,1.1,80.0,66.1,60,75,85,100,85,115,520,60,1,70,182,Slow,Staryu,False,True,False,False,False,False,False,False,True,0.0,Mysterious ,Water 3,,20,1.0,0.5,0.5,2.0,2.0,0.5,0.5,1.0,1.0,1.0,0.5,2.0,1.0,2.0,1.0,2.0,0.5,1.0
122,Galarian Mr. Mime,Ice,Psychic,Humanoid,1.4,56.8,29.0,50,65,65,90,90,100,460,45,8,70,161,Medium Fast,Mime Jr,False,False,False,False,True,False,False,False,False,0.5,Barrier ,Human-Like,,25,1.0,2.0,1.0,1.0,1.0,0.5,1.0,1.0,1.0,1.0,0.5,2.0,2.0,2.0,1.0,2.0,2.0,1.0
122,Mr. Mime,Psychic,Fairy,Humanoid,1.3,54.5,32.2,40,45,65,100,120,90,460,45,1,70,161,Medium Fast,Mime Jr,False,True,False,False,False,False,False,False,False,0.5,Barrier ,Human-Like,,25,1.0,1.0,1.0,1.0,1.0,1.0,0.25,2.0,1.0,1.0,0.5,1.0,1.0,2.0,0.0,1.0,2.0,1.0
124,Jynx,Ice,Psychic,Humanoid,1.4,40.6,20.7,65,50,35,115,95,95,455,45,1,70,159,Medium Fast,Smoochum,False,True,False,False,False,False,False,False,False,1.0,Human Shape ,Human-Like,,25,1.0,2.0,1.0,1.0,1.0,0.5,1.0,1.0,1.0,1.0,0.5,2.0,2.0,2.0,1.0,2.0,2.0,1.0
130,Gyarados,Water,Flying,Squiggle,6.5,235.0,5.6,95,125,79,60,100,81,540,45,1,70,189,Slow,Magikarp,False,True,False,False,False,True,False,False,False,0.5,Atrocious ,Water 2,Dragon,5,1.0,0.5,0.5,4.0,1.0,1.0,0.5,1.0,0.0,1.0,1.0,0.5,2.0,1.0,1.0,1.0,0.5,1.0
130,Mega Gyarados,Water,Dark,Squiggle,6.5,305.0,7.2,95,155,109,70,130,81,640,45,6,70,224,Slow,Magikarp,True,False,False,False,False,True,False,False,False,0.5,Atrocious ,Water 2,Dragon,5,1.0,0.5,0.5,2.0,2.0,0.5,2.0,1.0,1.0,1.0,0.0,2.0,1.0,0.5,1.0,0.5,0.5,2.0
139,Omastar,Rock,Water,Tentacles,1.0,35.0,35.0,70,60,125,115,70,55,495,45,1,70,173,Medium Fast,Omanyte,False,True,False,False,False,False,False,False,False,0.125,Spiral ,Water 1,Water 3,30,0.5,0.25,1.0,2.0,4.0,0.5,2.0,0.5,2.0,0.5,1.0,1.0,1.0,1.0,1.0,1.0,1.0,1.0
141,Kabutops,Rock,Water,Upright,1.3,40.5,24.0,60,115,105,65,70,80,495,45,1,70,173,Medium Fast,Kabuto,False,True,False,False,False,False,False,False,False,0.125,Shellfish ,Water 1,Water 3,30,0.5,0.25,1.0,2.0,4.0,0.5,2.0,0.5,2.0,0.5,1.0,1.0,1.0,1.0,1.0,1.0,1.0,1.0
149,Dragonite,Dragon,Flying,Upright,2.2,210.0,43.4,91,134,95,100,100,80,600,45,1,35,270,Slow,Dragonair,False,True,False,False,False,False,False,False,False,0.5,Dragon ,Water 1,Dragon,40,1.0,0.5,0.5,1.0,0.25,4.0,0.5,1.0,0.0,1.0,1.0,0.5,2.0,1.0,2.0,1.0,1.0,2.0
164,Noctowl,Normal,Flying,Wings,1.6,40.8,15.9,100,50,50,86,96,70,452,90,2,70,158,Medium Fast,Hoothoot,False,True,False,False,False,False,False,False,False,0.5,Owl ,Flying,,15,1.0,1.0,1.0,2.0,0.5,2.0,1.0,1.0,0.0,1.0,1.0,0.5,2.0,0.0,1.0,1.0,1.0,1.0
166,Ledian,Bug,Flying,Wings,1.4,35.6,18.2,55,35,50,55,110,85,390,90,2,70,137,Fast,Ledyba,False,True,False,False,False,False,False,False,False,0.5,Five Star ,Bug,,15,1.0,2.0,1.0,2.0,0.25,2.0,0.25,1.0,0.0,2.0,1.0,0.5,4.0,1.0,1.0,1.0,1.0,1.0
168,Ariados,Bug,Poison,Armor,1.1,33.5,27.7,70,90,70,60,70,40,400,90,2,70,140,Fast,Spinarak,False,True,False,False,False,False,False,False,False,0.5,Long Leg ,Bug,,15,1.0,2.0,1.0,1.0,0.25,1.0,0.25,0.5,1.0,2.0,2.0,0.5,2.0,1.0,1.0,1.0,1.0,0.5
169,Crobat,Poison,Flying,Bug-Wings,1.8,75.0,23.1,85,90,80,70,80,130,535,90,2,70,241,Medium Fast,Golbat,False,True,False,False,False,False,False,False,False,0.5,Bat ,Flying,,15,1.0,1.0,1.0,2.0,0.25,2.0,0.25,0.5,0.0,1.0,2.0,0.25,2.0,1.0,1.0,1.0,1.0,0.5
171,Lanturn,Water,Electric,Fish,1.2,22.5,15.6,125,58,58,76,76,67,460,75,2,70,161,Slow,Chinchou,False,True,False,False,False,False,False,False,False,0.5,Light ,Water 2,,20,1.0,0.5,0.5,1.0,2.0,0.5,1.0,1.0,2.0,0.5,1.0,1.0,1.0,1.0,1.0,1.0,0.25,1.0
176,Togetic,Fairy,Flying,Humanoid,0.6,3.2,8.9,55,40,85,80,105,40,405,75,2,70,142,Fast,Togepi,False,True,False,False,False,False,False,False,False,0.125,Happiness ,Flying,Fairy,10,1.0,1.0,1.0,2.0,0.5,2.0,0.25,2.0,0.0,1.0,1.0,0.25,2.0,1.0,0.0,0.5,2.0,1.0
178,Xatu,Psychic,Flying,Wings,1.5,15.0,6.7,65,75,70,95,70,95,470,75,2,70,165,Medium Fast,Natu,False,True,False,False,False,False,False,False,False,0.5,Mystic ,Flying,,20,1.0,1.0,1.0,2.0,0.5,2.0,0.25,1.0,0.0,1.0,0.5,1.0,2.0,2.0,1.0,2.0,1.0,1.0
181,Mega Ampharos,Electric,Dragon,Upright,1.4,61.5,31.4,90,95,105,165,110,45,610,45,6,70,275,Medium Slow,Flaaffy,True,False,False,False,False,True,False,False,False,0.5,Light ,Monster,Field,20,1.0,0.5,0.5,0.25,0.5,2.0,1.0,1.0,2.0,0.5,1.0,1.0,1.0,1.0,2.0,1.0,0.5,2.0
183,Marill,Water,Fairy,Upright,0.4,8.5,53.1,70,20,50,20,50,40,250,190,2,70,88,Fast,Azurill,False,True,False,False,False,False,False,False,False,0.5,Aqua Mouse ,Water 1,Fairy,10,1.0,0.5,0.5,2.0,2.0,0.5,0.5,2.0,1.0,1.0,1.0,0.5,1.0,1.0,0.0,0.5,1.0,1.0
184,Azumarill,Water,Fairy,Upright,0.8,28.5,44.5,100,50,80,60,80,50,420,75,2,70,189,Fast,Marill,False,True,False,False,False,False,False,False,False,0.5,Aqua Rabbit ,Water 1,Fairy,10,1.0,0.5,0.5,2.0,2.0,0.5,0.5,2.0,1.0,1.0,1.0,0.5,1.0,1.0,0.0,0.5,1.0,1.0
188,Skiploom,Grass,Flying,Upright,0.6,1.0,2.8,55,45,50,45,65,80,340,120,2,70,119,Medium Slow,Hoppip,False,True,False,False,False,False,False,False,False,0.5,Cottonweed ,Fairy,Grass,20,1.0,2.0,0.5,1.0,0.25,4.0,0.5,2.0,0.0,2.0,1.0,1.0,2.0,1.0,1.0,1.0,1.0,1.0
189,Jumpluff,Grass,Flying,Upright,0.8,3.0,4.7,75,55,70,55,95,110,460,45,2,70,207,Medium Slow,Skiploom,False,True,False,False,False,False,False,False,False,0.5,Cottonweed ,Fairy,Grass,20,1.0,2.0,0.5,1.0,0.25,4.0,0.5,2.0,0.0,2.0,1.0,1.0,2.0,1.0,1.0,1.0,1.0,1.0
195,Quagsire,Water,Ground,Upright,1.4,75.0,38.3,95,85,85,65,65,35,430,90,2,70,151,Medium Fast,Wooper,False,True,False,False,False,False,False,False,False,0.5,Water Fish ,Water 1,Field,20,1.0,0.5,1.0,0.0,4.0,1.0,1.0,0.5,1.0,1.0,1.0,1.0,0.5,1.0,1.0,1.0,0.5,1.0
199,Galarian Slowking,Poison,Psychic,Upright,1.8,79.5,24.5,95,65,80,110,110,30,490,70,8,70,172,Medium Fast,Slowpoke,False,False,False,False,True,False,False,False,False,0.5,Royal ,Monster,Water 1,20,1.0,1.0,1.0,1.0,0.5,1.0,0.25,0.5,2.0,1.0,1.0,1.0,1.0,2.0,1.0,2.0,1.0,0.5
199,Slowking,Water,Psychic,Upright,2.0,79.5,19.9,95,75,80,100,110,30,490,70,2,70,172,Medium Fast,Slowpoke,False,True,False,False,False,False,False,False,False,0.5,Royal ,Monster,Water 1,20,1.0,0.5,0.5,2.0,2.0,0.5,0.5,1.0,1.0,1.0,0.5,2.0,1.0,2.0,1.0,2.0,0.5,1.0
205,Forretress,Bug,Steel,Ball,1.2,125.8,87.4,75,90,140,60,60,40,465,75,2,70,163,Medium Fast,Pineco,False,True,False,False,False,False,False,False,False,0.5,Bagworm ,Bug,,20,0.5,4.0,1.0,1.0,0.25,0.5,1.0,0.0,1.0,1.0,0.5,0.5,1.0,1.0,0.5,1.0,0.5,0.5
208,Mega Steelix,Steel,Ground,Squiggle,10.5,740.0,6.7,75,125,230,55,95,30,610,25,6,70,214,Medium Fast,Onix,True,False,False,False,False,True,False,False,False,0.5,Iron Snake ,Mineral,,25,0.5,2.0,2.0,0.0,1.0,1.0,2.0,0.0,2.0,0.5,0.5,0.5,0.25,1.0,0.5,1.0,0.5,0.5
208,Steelix,Steel,Ground,Squiggle,9.2,400.0,4.7,75,85,200,55,65,30,510,25,2,70,179,Medium Fast,Onix,False,True,False,False,False,True,False,False,False,0.5,Iron Snake ,Mineral,,25,0.5,2.0,2.0,0.0,1.0,1.0,2.0,0.0,2.0,0.5,0.5,0.5,0.25,1.0,0.5,1.0,0.5,0.5
212,Mega Scizor,Bug,Steel,Bug-Wings,2.0,125.0,31.3,70,150,140,65,100,75,600,25,6,70,210,Medium Fast,Scyther,True,False,False,False,False,True,False,False,False,0.5,Pincer ,Bug,,25,0.5,4.0,1.0,1.0,0.25,0.5,1.0,0.0,1.0,1.0,0.5,0.5,1.0,1.0,0.5,1.0,0.5,0.5
212,Scizor,Bug,Steel,Bug-Wings,1.8,118.0,36.4,70,130,100,55,80,65,500,25,2,70,175,Medium Fast,Scyther,False,True,False,False,False,True,False,False,False,0.5,Pincer ,Bug,,25,0.5,4.0,1.0,1.0,0.25,0.5,1.0,0.0,1.0,1.0,0.5,0.5,1.0,1.0,0.5,1.0,0.5,0.5
219,Magcargo,Fire,Rock,Squiggle,0.8,55.0,85.9,60,50,120,90,80,30,430,75,2,70,151,Medium Fast,Slugma,False,True,False,False,False,False,False,False,False,0.5,Lava ,Amorphous,,20,0.5,0.25,4.0,1.0,1.0,0.5,2.0,0.5,4.0,0.5,1.0,0.5,2.0,1.0,1.0,1.0,1.0,0.5
221,Piloswine,Ice,Ground,Quadruped,1.1,55.8,46.1,100,100,80,60,60,50,450,75,2,70,158,Slow,Swinub,False,True,False,False,False,False,False,False,False,0.5,Swine ,Field,,20,1.0,2.0,2.0,0.0,2.0,1.0,2.0,0.5,1.0,1.0,1.0,1.0,1.0,1.0,1.0,1.0,2.0,1.0
226,Mantine,Water,Flying,Wings,2.1,220.0,49.9,85,40,70,80,140,70,485,25,2,70,170,Slow,Mantyke,False,True,False,False,False,False,False,False,False,0.5,Kite ,Water 1,,25,1.0,0.5,0.5,4.0,1.0,1.0,0.5,1.0,0.0,1.0,1.0,0.5,2.0,1.0,1.0,1.0,0.5,1.0
229,Houndoom,Dark,Fire,Quadruped,1.4,35.0,17.9,75,90,50,110,80,95,500,45,2,35,175,Slow,Houndour,False,True,False,False,False,True,False,False,False,0.5,Dark ,Field,,20,1.0,0.5,2.0,1.0,0.5,0.5,2.0,1.0,2.0,1.0,0.0,1.0,2.0,0.5,1.0,0.5,0.5,1.0
229,Mega Houndoom,Dark,Fire,Quadruped,1.9,49.5,13.7,75,90,90,140,90,115,600,45,6,35,210,Slow,Houndour,True,False,False,False,False,True,False,False,False,0.5,Dark ,Field,,20,1.0,0.5,2.0,1.0,0.5,0.5,2.0,1.0,2.0,1.0,0.0,1.0,2.0,0.5,1.0,0.5,0.5,1.0
230,Kingdra,Water,Dragon,Blob,1.8,152.0,46.9,75,95,95,95,95,85,540,45,2,70,243,Medium Fast,Seadra,False,True,False,False,False,False,False,False,False,0.5,Dragon ,Water 1,Dragon,20,1.0,0.25,0.25,1.0,1.0,1.0,1.0,1.0,1.0,1.0,1.0,1.0,1.0,1.0,2.0,1.0,0.5,2.0
247,Pupitar,Rock,Ground,Squiggle,1.2,152.0,105.6,70,84,70,65,70,51,410,45,2,35,144,Slow,Larvitar,False,True,False,False,False,False,False,False,False,0.5,Hard Shell ,Monster,,40,0.5,0.5,4.0,0.0,4.0,2.0,2.0,0.25,2.0,0.5,1.0,1.0,0.5,1.0,1.0,1.0,2.0,1.0
248,Mega Tyranitar,Rock,Dark,Upright,2.5,255.0,40.8,100,164,150,95,120,71,700,45,6,35,315,Slow,Pupitar,True,False,False,False,False,True,False,False,False,0.5,Armor ,Monster,,40,0.5,0.5,2.0,1.0,2.0,1.0,4.0,0.5,2.0,0.5,0.0,2.0,1.0,0.5,1.0,0.5,2.0,2.0
248,Tyranitar,Rock,Dark,Upright,2.0,202.0,50.5,100,134,110,95,100,61,600,45,2,35,270,Slow,Pupitar,False,True,False,False,False,True,False,False,False,0.5,Armor ,Monster,,40,0.5,0.5,2.0,1.0,2.0,1.0,4.0,0.5,2.0,0.5,0.0,2.0,1.0,0.5,1.0,0.5,2.0,2.0
254,Mega Sceptile,Grass,Dragon,Upright,1.9,55.2,15.3,70,110,75,145,85,145,630,45,6,70,284,Medium Slow,Grovyle,True,False,False,False,False,True,False,False,False,0.125,Forest ,Monster,Dragon,20,1.0,1.0,0.25,0.25,0.25,4.0,1.0,2.0,0.5,2.0,1.0,2.0,1.0,1.0,2.0,1.0,1.0,2.0
256,Combusken,Fire,Fighting,Upright,0.9,19.5,24.1,60,85,60,85,60,55,405,45,3,70,142,Medium Slow,Torchic,False,True,False,False,False,False,False,False,False,0.125,Young Fowl ,Field,,20,1.0,0.5,2.0,1.0,0.5,0.5,1.0,1.0,2.0,2.0,2.0,0.25,1.0,1.0,1.0,0.5,0.5,1.0
257,Blaziken,Fire,Fighting,Upright,1.9,52.0,14.4,80,120,70,110,70,80,530,45,3,70,239,Medium Slow,Combusken,False,True,False,False,False,True,False,False,False,0.125,Blaze ,Field,,20,1.0,0.5,2.0,1.0,0.5,0.5,1.0,1.0,2.0,2.0,2.0,0.25,1.0,1.0,1.0,0.5,0.5,1.0
257,Mega Blaziken,Fire,Fighting,Upright,1.9,52.0,14.4,80,160,80,130,80,100,630,45,6,70,284,Medium Slow,Combusken,True,False,False,False,False,True,False,False,False,0.125,Blaze ,Field,,20,1.0,0.5,2.0,1.0,0.5,0.5,1.0,1.0,2.0,2.0,2.0,0.25,1.0,1.0,1.0,0.5,0.5,1.0
259,Marshtomp,Water,Ground,Upright,0.7,28.0,57.1,70,85,70,60,70,50,405,45,3,70,142,Medium Slow,Mudkip,False,True,False,False,False,False,False,False,False,0.125,Mud Fish ,Monster,Water 1,20,1.0,0.5,1.0,0.0,4.0,1.0,1.0,0.5,1.0,1.0,1.0,1.0,0.5,1.0,1.0,1.0,0.5,1.0
260,Mega Swampert,Water,Ground,Upright,1.9,102.0,28.3,100,150,110,95,110,70,635,45,6,70,286,Medium Slow,Marshtomp,True,False,False,False,False,True,False,False,False,0.125,Mud Fish ,Monster,Water 1,20,1.0,0.5,1.0,0.0,4.0,1.0,1.0,0.5,1.0,1.0,1.0,1.0,0.5,1.0,1.0,1.0,0.5,1.0
260,Swampert,Water,Ground,Upright,1.5,81.9,36.4,100,110,90,85,90,60,535,45,3,70,241,Medium Slow,Marshtomp,False,True,False,False,False,True,False,False,False,0.125,Mud Fish ,Monster,Water 1,20,1.0,0.5,1.0,0.0,4.0,1.0,1.0,0.5,1.0,1.0,1.0,1.0,0.5,1.0,1.0,1.0,0.5,1.0
264,Galarian Linoone,Dark,Normal,Quadruped,0.5,32.5,130.0,78,70,61,50,61,100,420,90,8,70,147,Medium Fast,Zigzagoon,False,False,False,False,True,False,False,False,False,0.5,Rushing ,Field,,15,1.0,1.0,1.0,1.0,1.0,1.0,4.0,1.0,1.0,1.0,0.0,2.0,1.0,0.0,1.0,0.5,1.0,2.0
267,Beautifly,Bug,Flying,Bug-Wings,1.0,28.4,28.4,60,70,50,100,50,65,395,45,3,70,178,Medium Fast,Silcoon,False,True,False,False,False,False,False,False,False,0.5,Butterfly ,Bug,,15,1.0,2.0,1.0,2.0,0.25,2.0,0.25,1.0,0.0,2.0,1.0,0.5,4.0,1.0,1.0,1.0,1.0,1.0
269,Dustox,Bug,Poison,Bug-Wings,1.2,31.6,21.9,60,50,70,50,90,65,385,45,3,70,173,Medium Fast,Cascoon,False,True,False,False,False,False,False,False,False,0.5,Poison Moth ,Bug,,15,1.0,2.0,1.0,1.0,0.25,1.0,0.25,0.5,1.0,2.0,2.0,0.5,2.0,1.0,1.0,1.0,1.0,0.5
271,Lombre,Water,Grass,Humanoid,1.2,32.5,22.6,60,50,50,60,70,50,340,120,3,70,119,Medium Slow,Lotad,False,True,False,False,False,False,False,False,False,0.5,Jolly ,Water 1,Grass,15,1.0,1.0,0.25,1.0,1.0,1.0,1.0,2.0,0.5,2.0,1.0,2.0,1.0,1.0,1.0,1.0,0.5,1.0
272,Ludicolo,Water,Grass,Humanoid,1.5,55.0,24.4,80,70,70,90,100,70,480,45,3,70,216,Medium Slow,Lombre,False,True,False,False,False,False,False,False,False,0.5,Carefree ,Water 1,Grass,15,1.0,1.0,0.25,1.0,1.0,1.0,1.0,2.0,0.5,2.0,1.0,2.0,1.0,1.0,1.0,1.0,0.5,1.0
274,Nuzleaf,Grass,Dark,Humanoid,1.0,28.0,28.0,70,70,40,60,40,60,340,120,3,70,119,Medium Slow,Seedot,False,True,False,False,False,False,False,False,False,0.5,Wily ,Field,Grass,15,1.0,2.0,0.5,0.5,0.5,2.0,2.0,2.0,0.5,2.0,0.0,4.0,1.0,0.5,1.0,0.5,1.0,2.0
275,Shiftry,Grass,Dark,Humanoid,1.3,59.6,35.3,90,100,60,90,60,80,480,45,3,70,216,Medium Slow,Nuzleaf,False,True,False,False,False,False,False,False,False,0.5,Wicked ,Field,Grass,15,1.0,2.0,0.5,0.5,0.5,2.0,2.0,2.0,0.5,2.0,0.0,4.0,1.0,0.5,1.0,0.5,1.0,2.0
277,Swellow,Normal,Flying,Wings,0.7,19.8,40.4,60,85,60,75,50,125,455,45,3,70,159,Medium Slow,Taillow,False,True,False,False,False,False,False,False,False,0.5,Swallow ,Flying,,15,1.0,1.0,1.0,2.0,0.5,2.0,1.0,1.0,0.0,1.0,1.0,0.5,2.0,0.0,1.0,1.0,1.0,1.0
279,Pelipper,Water,Flying,Wings,1.2,28.0,19.4,60,50,100,95,70,65,440,45,3,70,154,Medium Fast,Wingull,False,True,False,False,False,False,False,False,False,0.5,Water Bird ,Water 1,Flying,20,1.0,0.5,0.5,4.0,1.0,1.0,0.5,1.0,0.0,1.0,1.0,0.5,2.0,1.0,1.0,1.0,0.5,1.0
281,Kirlia,Psychic,Fairy,Humanoid,0.8,20.2,31.6,38,35,35,65,55,50,278,120,3,35,97,Slow,Ralts,False,True,False,False,False,False,False,False,False,0.5,Emotion ,Human-Like,Amorphous,20,1.0,1.0,1.0,1.0,1.0,1.0,0.25,2.0,1.0,1.0,0.5,1.0,1.0,2.0,0.0,1.0,2.0,1.0
282,Gardevoir,Psychic,Fairy,Humanoid,1.6,48.4,18.9,68,65,65,125,115,80,518,45,3,35,233,Slow,Kirlia,False,True,False,False,False,True,False,False,False,0.5,Embrace ,Human-Like,Amorphous,20,1.0,1.0,1.0,1.0,1.0,1.0,0.25,2.0,1.0,1.0,0.5,1.0,1.0,2.0,0.0,1.0,2.0,1.0
282,Mega Gardevoir,Psychic,Fairy,Humanoid,1.6,48.4,18.9,68,85,65,165,135,100,618,45,6,35,278,Slow,Kirlia,True,False,False,False,False,True,False,False,False,0.5,Embrace ,Human-Like,Amorphous,20,1.0,1.0,1.0,1.0,1.0,1.0,0.25,2.0,1.0,1.0,0.5,1.0,1.0,2.0,0.0,1.0,2.0,1.0
284,Masquerain,Bug,Flying,Bug-Wings,0.8,3.6,5.6,70,60,62,100,82,80,454,75,3,70,159,Medium Fast,Surskit,False,True,False,False,False,False,False,False,False,0.5,Eyeball ,Water 1,Bug,15,1.0,2.0,1.0,2.0,0.25,2.0,0.25,1.0,0.0,2.0,1.0,0.5,4.0,1.0,1.0,1.0,1.0,1.0
286,Breloom,Grass,Fighting,Upright,1.2,39.2,27.2,60,130,80,60,60,70,460,90,3,70,161,Fluctuating,Shroomish,False,True,False,False,False,False,False,False,False,0.5,Mushroom ,Fairy,Grass,15,1.0,2.0,0.5,0.5,0.5,2.0,1.0,2.0,0.5,4.0,2.0,1.0,0.5,1.0,1.0,0.5,1.0,2.0
291,Ninjask,Bug,Flying,Bug-Wings,0.8,12.0,18.8,61,90,45,50,50,160,456,120,3,70,160,Erratic,Nincada,False,True,False,False,False,False,False,False,False,0.5,Ninja ,Bug,,15,1.0,2.0,1.0,2.0,0.25,2.0,0.25,1.0,0.0,2.0,1.0,0.5,4.0,1.0,1.0,1.0,1.0,1.0
292,Shedinja,Bug,Ghost,Blob,0.8,1.2,1.9,1,90,45,30,30,40,236,45,3,70,83,Erratic,Nincada,False,True,False,False,False,False,False,False,True,0.0,Shed ,Mineral,,15,0.0,2.0,1.0,1.0,0.5,1.0,0.0,0.5,0.5,2.0,1.0,0.5,2.0,2.0,1.0,2.0,1.0,1.0
305,Lairon,Steel,Rock,Quadruped,0.9,120.0,148.1,60,90,140,50,50,40,430,90,3,35,151,Slow,Aron,False,True,False,False,False,False,False,False,False,0.5,Iron Armor ,Monster,,35,0.25,1.0,2.0,1.0,1.0,0.5,4.0,0.0,4.0,0.25,0.5,0.5,0.5,1.0,0.5,1.0,1.0,0.5
306,Aggron,Steel,Rock,Upright,2.1,360.0,81.6,70,110,180,60,60,50,530,45,3,35,239,Slow,Lairon,False,True,False,False,False,True,False,False,False,0.5,Iron Armor ,Monster,,35,0.25,1.0,2.0,1.0,1.0,0.5,4.0,0.0,4.0,0.25,0.5,0.5,0.5,1.0,0.5,1.0,1.0,0.5
308,Medicham,Fighting,Psychic,Humanoid,1.3,31.5,18.6,60,60,75,60,75,80,410,90,3,70,144,Medium Fast,Meditite,False,True,False,False,False,True,False,False,False,0.5,Meditate ,Human-Like,,20,1.0,1.0,1.0,1.0,1.0,1.0,0.5,1.0,1.0,2.0,1.0,1.0,0.5,2.0,1.0,1.0,1.0,2.0
308,Mega Medicham,Fighting,Psychic,Humanoid,1.3,31.5,18.6,60,100,85,80,85,100,510,90,6,70,179,Medium Fast,Meditite,True,False,False,False,False,True,False,False,False,0.5,Meditate ,Human-Like,,20,1.0,1.0,1.0,1.0,1.0,1.0,0.5,1.0,1.0,2.0,1.0,1.0,0.5,2.0,1.0,1.0,1.0,2.0
315,Roselia,Grass,Poison,Humanoid,0.3,2.0,22.2,50,60,45,100,80,65,400,150,3,70,140,Medium Slow,Budew,False,True,False,False,False,False,False,False,False,0.5,Thorn ,Fairy,Grass,20,1.0,2.0,0.5,0.5,0.25,2.0,0.5,1.0,1.0,2.0,2.0,1.0,1.0,1.0,1.0,1.0,1.0,0.5
319,Mega Sharpedo,Water,Dark,Fish,2.5,130.3,20.8,70,140,70,110,65,105,560,60,6,35,196,Slow,Carvanha,True,False,False,False,False,True,False,False,False,0.5,Brutal ,Water 2,,20,1.0,0.5,0.5,2.0,2.0,0.5,2.0,1.0,1.0,1.0,0.0,2.0,1.0,0.5,1.0,0.5,0.5,2.0
319,Sharpedo,Water,Dark,Fish,1.8,88.8,27.4,70,120,40,95,40,95,460,60,3,35,161,Slow,Carvanha,False,True,False,False,False,True,False,False,False,0.5,Brutal ,Water 2,,20,1.0,0.5,0.5,2.0,2.0,0.5,2.0,1.0,1.0,1.0,0.0,2.0,1.0,0.5,1.0,0.5,0.5,2.0
323,Camerupt,Fire,Ground,Quadruped,1.9,220.0,60.9,70,100,70,105,75,40,460,150,3,70,161,Medium Fast,Numel,False,True,False,False,False,True,False,False,False,0.5,Eruption ,Field,,20,1.0,0.5,4.0,0.0,1.0,1.0,1.0,0.5,2.0,1.0,1.0,0.5,1.0,1.0,1.0,1.0,0.5,0.5
323,Mega Camerupt,Fire,Ground,Quadruped,2.5,320.5,51.3,70,120,100,145,105,20,560,150,6,70,196,Medium Fast,Numel,True,False,False,False,False,True,False,False,False,0.5,Eruption ,Field,,20,1.0,0.5,4.0,0.0,1.0,1.0,1.0,0.5,2.0,1.0,1.0,0.5,1.0,1.0,1.0,1.0,0.5,0.5
329,Vibrava,Ground,Dragon,Bug-Wings,1.1,15.3,12.6,50,70,50,50,50,70,340,120,3,70,119,Medium Slow,Trapinch,False,True,False,False,False,False,False,False,False,0.5,Vibration ,Bug,Dragon,20,1.0,0.5,1.0,0.0,1.0,4.0,1.0,0.5,1.0,1.0,1.0,1.0,0.5,1.0,2.0,1.0,1.0,2.0
330,Flygon,Ground,Dragon,Wings,2.0,82.0,20.5,80,100,80,80,80,100,520,45,3,70,234,Medium Slow,Vibrava,False,True,False,False,False,False,False,False,False,0.5,Mystic ,Bug,Dragon,20,1.0,0.5,1.0,0.0,1.0,4.0,1.0,0.5,1.0,1.0,1.0,1.0,0.5,1.0,2.0,1.0,1.0,2.0
332,Cacturne,Grass,Dark,Humanoid,1.3,77.4,45.8,70,115,60,115,60,55,475,60,3,35,166,Medium Slow,Cacnea,False,True,False,False,False,False,False,False,False,0.5,Scarecrow ,Grass,Human-Like,20,1.0,2.0,0.5,0.5,0.5,2.0,2.0,2.0,0.5,2.0,0.0,4.0,1.0,0.5,1.0,0.5,1.0,2.0
334,Altaria,Dragon,Flying,Wings,1.1,20.6,17.0,75,70,90,70,105,80,490,45,3,70,172,Erratic,Swablu,False,True,False,False,False,True,False,False,False,0.5,Humming ,Flying,Dragon,20,1.0,0.5,0.5,1.0,0.25,4.0,0.5,1.0,0.0,1.0,1.0,0.5,2.0,1.0,2.0,1.0,1.0,2.0
334,Mega Altaria,Dragon,Fairy,Wings,1.5,20.6,9.2,75,110,110,110,105,80,590,45,6,70,207,Erratic,Swablu,True,False,False,False,False,True,False,False,False,0.5,Humming ,Flying,Dragon,20,1.0,0.5,0.5,0.5,0.5,2.0,0.5,2.0,1.0,1.0,1.0,0.5,1.0,1.0,0.0,0.5,2.0,2.0
340,Whiscash,Water,Ground,Fish,0.9,23.6,29.1,110,78,73,76,71,60,468,75,3,70,164,Medium Fast,Barboach,False,True,False,False,False,False,False,False,False,0.5,Whiskers ,Water 2,,20,1.0,0.5,1.0,0.0,4.0,1.0,1.0,0.5,1.0,1.0,1.0,1.0,0.5,1.0,1.0,1.0,0.5,1.0
342,Crawdaunt,Water,Dark,Armor,1.1,32.8,27.1,63,120,85,90,55,55,468,155,3,70,164,Fluctuating,Corphish,False,True,False,False,False,False,False,False,False,0.5,Rogue ,Water 1,Water 3,15,1.0,0.5,0.5,2.0,2.0,0.5,2.0,1.0,1.0,1.0,0.0,2.0,1.0,0.5,1.0,0.5,0.5,2.0
344,Claydol,Ground,Psychic,Arms,1.5,108.0,48.0,60,70,105,70,120,75,500,90,3,70,175,Medium Fast,Baltoy,False,True,False,False,False,False,False,False,True,0.0,Clay Doll ,Mineral,,20,1.0,1.0,2.0,0.0,2.0,2.0,0.5,0.5,1.0,1.0,0.5,2.0,0.5,2.0,1.0,2.0,1.0,1.0
346,Cradily,Rock,Grass,Blob,1.5,60.4,26.8,86,81,97,81,107,43,495,45,3,70,173,Erratic,Lileep,False,True,False,False,False,False,False,False,False,0.125,Barnacle ,Water 3,,30,0.5,1.0,1.0,0.5,1.0,2.0,2.0,1.0,1.0,1.0,1.0,2.0,1.0,1.0,1.0,1.0,2.0,1.0
348,Armaldo,Rock,Bug,Upright,1.5,68.2,30.3,75,125,100,70,80,45,495,45,3,70,173,Erratic,Anorith,False,True,False,False,False,False,False,False,False,0.125,Plate ,Water 3,,30,0.5,1.0,2.0,1.0,1.0,1.0,1.0,0.5,1.0,1.0,1.0,1.0,2.0,1.0,1.0,1.0,2.0,1.0
364,Sealeo,Ice,Water,Fish,1.1,87.6,72.4,90,60,70,75,70,45,410,120,3,70,144,Medium Slow,Spheal,False,True,False,False,False,False,False,False,False,0.5,Ball Roll ,Water 1,Field,20,1.0,1.0,0.5,2.0,2.0,0.25,2.0,1.0,1.0,1.0,1.0,1.0,2.0,1.0,1.0,1.0,1.0,1.0
365,Walrein,Ice,Water,Quadruped,1.4,150.6,76.8,110,80,90,95,90,65,530,45,3,70,239,Medium Slow,Sealeo,False,True,False,False,False,False,False,False,False,0.5,Ice Break ,Water 1,Field,20,1.0,1.0,0.5,2.0,2.0,0.25,2.0,1.0,1.0,1.0,1.0,1.0,2.0,1.0,1.0,1.0,1.0,1.0
373,Mega Salamence,Dragon,Flying,Quadruped,1.8,112.6,34.8,95,145,130,120,90,120,700,45,6,35,315,Slow,Shelgon,True,False,False,False,False,True,False,False,False,0.5,Dragon ,Dragon,,40,1.0,0.5,0.5,1.0,0.25,4.0,0.5,1.0,0.0,1.0,1.0,0.5,2.0,1.0,2.0,1.0,1.0,2.0
373,Salamence,Dragon,Flying,Quadruped,1.5,102.6,45.6,95,135,80,110,80,100,600,45,3,35,270,Slow,Shelgon,False,True,False,False,False,True,False,False,False,0.5,Dragon ,Dragon,,40,1.0,0.5,0.5,1.0,0.25,4.0,0.5,1.0,0.0,1.0,1.0,0.5,2.0,1.0,2.0,1.0,1.0,2.0
375,Metang,Steel,Psychic,Arms,1.2,202.5,140.6,60,75,100,55,80,50,420,3,3,35,147,Slow,Beldum,False,True,False,False,False,False,False,False,True,0.0,Iron Claw ,Mineral,,40,0.5,2.0,1.0,1.0,0.5,0.5,1.0,0.0,2.0,0.5,0.25,1.0,0.5,2.0,0.5,2.0,0.5,0.5
376,Mega Metagross,Steel,Psychic,Heads,2.5,942.9,150.9,80,145,150,105,110,110,700,3,6,35,315,Slow,Metang,True,False,False,False,False,True,False,False,True,0.0,Iron Leg ,Mineral,,40,0.5,2.0,1.0,1.0,0.5,0.5,1.0,0.0,2.0,0.5,0.25,1.0,0.5,2.0,0.5,2.0,0.5,0.5
376,Metagross,Steel,Psychic,Heads,1.6,550.0,214.8,80,135,130,95,90,70,600,3,3,35,270,Slow,Metang,False,True,False,False,False,True,False,False,True,0.0,Iron Leg ,Mineral,,40,0.5,2.0,1.0,1.0,0.5,0.5,1.0,0.0,2.0,0.5,0.25,1.0,0.5,2.0,0.5,2.0,0.5,0.5
389,Torterra,Grass,Ground,Quadruped,2.2,310.0,64.0,95,109,105,75,85,56,525,45,4,70,236,Medium Slow,Grotle,False,True,False,False,False,False,False,False,False,0.125,Continent ,Monster,Grass,20,1.0,2.0,1.0,0.0,1.0,4.0,1.0,1.0,0.5,2.0,1.0,2.0,0.5,1.0,1.0,1.0,1.0,1.0
391,Monferno,Fire,Fighting,Upright,0.9,22.0,27.2,64,78,52,78,52,81,405,45,4,70,142,Medium Slow,Chimchar,False,True,False,False,False,False,False,False,False,0.125,Playful ,Field,Human-Like,20,1.0,0.5,2.0,1.0,0.5,0.5,1.0,1.0,2.0,2.0,2.0,0.25,1.0,1.0,1.0,0.5,0.5,1.0
392,Infernape,Fire,Fighting,Upright,1.2,55.0,38.2,76,104,71,104,71,108,534,45,4,70,240,Medium Slow,Monferno,False,True,False,False,False,False,False,False,False,0.125,Flame ,Field,Human-Like,20,1.0,0.5,2.0,1.0,0.5,0.5,1.0,1.0,2.0,2.0,2.0,0.25,1.0,1.0,1.0,0.5,0.5,1.0
395,Empoleon,Water,Steel,Upright,1.7,84.5,29.2,84,86,88,111,101,60,530,45,4,70,239,Medium Slow,Prinplup,False,True,False,False,False,False,False,False,False,0.125,Emperor ,Water 1,Field,20,0.5,1.0,0.5,2.0,1.0,0.25,2.0,0.0,2.0,0.5,0.5,0.5,0.5,1.0,0.5,1.0,0.25,0.5
397,Staravia,Normal,Flying,Wings,0.6,15.5,43.1,55,75,50,40,40,80,340,120,4,70,119,Medium Slow,Starly,False,True,False,False,False,False,False,False,False,0.5,Starling ,Flying,,15,1.0,1.0,1.0,2.0,0.5,2.0,1.0,1.0,0.0,1.0,1.0,0.5,2.0,0.0,1.0,1.0,1.0,1.0
398,Staraptor,Normal,Flying,Wings,1.2,24.9,17.3,85,120,70,50,60,100,485,45,4,70,218,Medium Slow,Staravia,False,True,False,False,False,False,False,False,False,0.5,Predator ,Flying,,15,1.0,1.0,1.0,2.0,0.5,2.0,1.0,1.0,0.0,1.0,1.0,0.5,2.0,0.0,1.0,1.0,1.0,1.0
400,Bibarel,Normal,Water,Upright,1.0,31.5,31.5,79,85,60,55,60,71,410,127,4,70,144,Medium Fast,Bidoof,False,True,False,False,False,False,False,False,False,0.5,Beaver ,Water 1,Field,15,1.0,0.5,0.5,2.0,2.0,0.5,2.0,1.0,1.0,1.0,1.0,1.0,1.0,0.0,1.0,1.0,0.5,1.0
407,Roserade,Grass,Poison,Humanoid,0.9,14.5,17.9,60,70,65,125,105,90,515,75,4,70,232,Medium Slow,Roselia,False,True,False,False,False,False,False,False,False,0.5,Bouquet ,Fairy,Grass,20,1.0,2.0,0.5,0.5,0.25,2.0,0.5,1.0,1.0,2.0,2.0,1.0,1.0,1.0,1.0,1.0,1.0,0.5
411,Bastiodon,Rock,Steel,Quadruped,1.3,149.5,88.5,60,52,168,47,138,30,495,45,4,70,173,Erratic,Shieldon,False,True,False,False,False,False,False,False,False,0.125,Shield ,Monster,,30,0.25,1.0,2.0,1.0,1.0,0.5,4.0,0.0,4.0,0.25,0.5,0.5,0.5,1.0,0.5,1.0,1.0,0.5
413,Wormadam Plant Cloak,Bug,Grass,Blob,0.5,6.5,26.0,60,59,85,79,105,36,424,45,4,70,148,Medium Fast,Burmy,False,True,False,False,False,False,False,False,False,1.0,Bagworm ,Bug,,15,1.0,4.0,0.5,0.5,0.25,2.0,0.5,2.0,0.25,4.0,1.0,2.0,2.0,1.0,1.0,1.0,1.0,1.0
413,Wormadam Sandy Cloak,Bug,Ground,Blob,0.5,6.5,26.0,60,79,105,59,85,36,424,45,4,70,148,Medium Fast,Burmy,False,False,False,False,False,False,False,False,False,1.0,Bagworm ,Bug,,15,1.0,2.0,2.0,0.0,1.0,2.0,0.5,0.5,0.5,2.0,1.0,1.0,1.0,1.0,1.0,1.0,1.0,1.0
413,Wormadam Trash Cloak,Bug,Steel,Blob,0.5,6.5,26.0,60,69,95,69,95,36,424,45,4,70,148,Medium Fast,Burmy,False,False,False,False,False,False,False,False,False,1.0,Bagworm ,Bug,,15,0.5,4.0,1.0,1.0,0.25,0.5,1.0,0.0,1.0,1.0,0.5,0.5,1.0,1.0,0.5,1.0,0.5,0.5
414,Mothim,Bug,Flying,Bug-Wings,0.9,23.3,28.8,70,94,50,94,50,66,424,45,4,70,148,Medium Fast,Burmy,False,True,False,False,False,False,False,False,False,0.0,Moth ,Bug,,15,1.0,2.0,1.0,2.0,0.25,2.0,0.25,1.0,0.0,2.0,1.0,0.5,4.0,1.0,1.0,1.0,1.0,1.0
416,Vespiquen,Bug,Flying,Bug-Wings,1.2,38.5,26.7,70,80,102,80,102,40,474,45,4,70,166,Medium Slow,Combee,False,True,False,False,False,False,False,False,False,1.0,Beehive ,Bug,,15,1.0,2.0,1.0,2.0,0.25,2.0,0.25,1.0,0.0,2.0,1.0,0.5,4.0,1.0,1.0,1.0,1.0,1.0
423,Gastrodon,Water,Ground,Squiggle,0.9,29.9,36.9,111,83,68,92,82,39,475,75,4,70,166,Medium Fast,Shellos,False,True,False,False,False,False,False,False,False,0.5,Sea Slug ,Water 1,Amorphous,20,1.0,0.5,1.0,0.0,4.0,1.0,1.0,0.5,1.0,1.0,1.0,1.0,0.5,1.0,1.0,1.0,0.5,1.0
426,Drifblim,Ghost,Flying,Arms,1.2,15.0,10.4,150,80,44,90,54,80,498,60,4,70,174,Fluctuating,Drifloon,False,True,False,False,False,False,False,False,False,0.5,Blimp ,Amorphous,,30,0.0,1.0,1.0,2.0,0.5,2.0,0.0,0.5,0.0,1.0,1.0,0.25,2.0,2.0,1.0,2.0,1.0,1.0
428,Mega Lopunny,Normal,Fighting,Upright,1.3,28.3,16.7,65,136,94,54,96,135,580,60,6,140,203,Medium Fast,Buneary,True,False,False,False,False,True,False,False,False,0.5,Rabbit ,Field,Human-Like,20,1.0,1.0,1.0,1.0,1.0,1.0,2.0,1.0,1.0,2.0,2.0,0.5,0.5,0.0,1.0,0.5,1.0,2.0
430,Honchkrow,Dark,Flying,Wings,0.9,27.3,33.7,100,125,52,105,52,71,505,30,4,35,177,Medium Slow,Murkrow,False,True,False,False,False,False,False,False,False,0.5,Big Boss ,Flying,,20,1.0,1.0,1.0,2.0,0.5,2.0,1.0,1.0,0.0,1.0,0.0,1.0,2.0,0.5,1.0,0.5,1.0,2.0
435,Skuntank,Poison,Dark,Quadruped,1.0,38.0,38.0,103,93,67,71,61,84,479,60,4,70,168,Medium Fast,Stunky,False,True,False,False,False,False,False,False,False,0.5,Skunk ,Field,,20,1.0,1.0,1.0,1.0,0.5,1.0,1.0,0.5,2.0,1.0,0.0,1.0,1.0,0.5,1.0,0.5,1.0,1.0
437,Bronzong,Steel,Psychic,Arms,1.3,187.0,110.7,67,89,116,79,116,33,500,90,4,70,175,Medium Fast,Bronzor,False,True,False,False,False,False,False,False,True,0.0,Bronze Bell ,Mineral,,20,0.5,2.0,1.0,1.0,0.5,0.5,1.0,0.0,2.0,0.5,0.25,1.0,0.5,2.0,0.5,2.0,0.5,0.5
444,Gabite,Dragon,Ground,Upright,1.4,56.0,28.6,68,90,65,50,55,82,410,45,4,70,144,Slow,Gible,False,True,False,False,False,False,False,False,False,0.5,Cave ,Monster,Dragon,40,1.0,0.5,1.0,0.0,1.0,4.0,1.0,0.5,1.0,1.0,1.0,1.0,0.5,1.0,2.0,1.0,1.0,2.0
445,Garchomp,Dragon,Ground,Upright,1.9,95.0,26.3,108,130,95,80,85,102,600,45,4,70,270,Slow,Gabite,False,True,False,False,False,True,False,False,False,0.5,Mach ,Monster,Dragon,40,1.0,0.5,1.0,0.0,1.0,4.0,1.0,0.5,1.0,1.0,1.0,1.0,0.5,1.0,2.0,1.0,1.0,2.0
445,Mega Garchomp,Dragon,Ground,Upright,1.9,95.0,26.3,108,170,115,120,95,92,700,45,6,70,315,Slow,Gabite,True,False,False,False,False,True,False,False,False,0.5,Mach ,Monster,Dragon,40,1.0,0.5,1.0,0.0,1.0,4.0,1.0,0.5,1.0,1.0,1.0,1.0,0.5,1.0,2.0,1.0,1.0,2.0
448,Lucario,Fighting,Steel,Upright,1.2,54.0,37.5,70,110,70,115,70,90,525,45,4,70,184,Medium Slow,Riolu,False,True,False,False,False,True,False,False,False,0.125,Aura ,Field,Human-Like,25,0.5,2.0,1.0,1.0,0.5,0.5,2.0,0.0,2.0,1.0,1.0,0.25,0.25,1.0,0.5,0.5,0.5,1.0
448,Mega Lucario,Fighting,Steel,Upright,1.3,57.5,34.0,70,145,88,140,70,112,625,45,6,70,219,Medium Slow,Riolu,True,False,False,False,False,True,False,False,False,0.125,Aura ,Field,Human-Like,25,0.5,2.0,1.0,1.0,0.5,0.5,2.0,0.0,2.0,1.0,1.0,0.25,0.25,1.0,0.5,0.5,0.5,1.0
452,Drapion,Poison,Dark,Armor,1.3,61.5,36.4,70,90,110,60,75,95,500,45,4,70,175,Slow,Skorupi,False,True,False,False,False,False,False,False,False,0.5,Ogre Scorpion ,Bug,Water 3,20,1.0,1.0,1.0,1.0,0.5,1.0,1.0,0.5,2.0,1.0,0.0,1.0,1.0,0.5,1.0,0.5,1.0,1.0
454,Toxicroak,Poison,Fighting,Humanoid,1.3,44.4,26.3,83,106,65,86,65,85,490,75,4,70,172,Medium Fast,Croagunk,False,True,False,False,False,False,False,False,False,0.5,Toxic Mouth ,Human-Like,,20,1.0,1.0,1.0,1.0,0.5,1.0,0.5,0.5,2.0,2.0,4.0,0.25,0.5,1.0,1.0,0.5,1.0,1.0
460,Abomasnow,Grass,Ice,Upright,2.2,135.5,28.0,90,92,75,92,85,60,494,60,4,70,173,Slow,Snover,False,True,False,False,False,True,False,False,False,0.5,Frost Tree ,Monster,Grass,20,1.0,4.0,0.5,0.5,0.5,1.0,2.0,2.0,0.5,2.0,1.0,2.0,2.0,1.0,1.0,1.0,2.0,1.0
460,Mega Abomasnow,Grass,Ice,Upright,2.7,185.0,25.4,90,132,105,132,105,30,594,60,6,70,208,Slow,Snover,True,False,False,False,False,True,False,False,False,0.5,Frost Tree ,Monster,Grass,20,1.0,4.0,0.5,0.5,0.5,1.0,2.0,2.0,0.5,2.0,1.0,2.0,2.0,1.0,1.0,1.0,2.0,1.0
461,Weavile,Dark,Ice,Upright,1.1,34.0,28.1,70,120,65,45,85,125,510,45,4,35,179,Medium Slow,Sneasel,False,True,False,False,False,False,False,False,False,0.5,Sharp Claw ,Field,,20,1.0,2.0,1.0,1.0,1.0,0.5,4.0,1.0,1.0,1.0,0.0,2.0,2.0,0.5,1.0,0.5,2.0,2.0
462,Magnezone,Electric,Steel,Arms,1.2,180.0,125.0,70,70,115,130,90,60,535,30,4,70,241,Medium Fast,Magneton,False,True,False,False,False,False,False,False,True,0.0,Magnet Area ,Mineral,,20,0.5,2.0,1.0,0.5,0.5,0.5,2.0,0.0,4.0,0.25,0.5,0.5,0.5,1.0,0.5,1.0,0.25,0.5
464,Rhyperior,Ground,Rock,Upright,2.4,282.8,49.1,115,140,130,55,55,40,535,30,4,70,241,Slow,Rhydon,False,True,False,False,False,False,False,False,False,0.5,Drill ,Monster,Field,20,0.5,0.5,4.0,0.0,4.0,2.0,2.0,0.25,2.0,0.5,1.0,1.0,0.5,1.0,1.0,1.0,2.0,1.0
468,Togekiss,Fairy,Flying,Wings,1.5,38.0,16.9,85,50,95,120,115,80,545,30,4,70,245,Fast,Togetic,False,True,False,False,False,False,False,False,False,0.125,Jubilee ,Flying,Fairy,10,1.0,1.0,1.0,2.0,0.5,2.0,0.25,2.0,0.0,1.0,1.0,0.25,2.0,1.0,0.0,0.5,2.0,1.0
469,Yanmega,Bug,Flying,Bug-Wings,1.9,51.5,14.3,86,76,86,116,56,95,515,30,4,70,180,Medium Fast,Yanma,False,True,False,False,False,False,False,False,False,0.5,Ogre Darner ,Bug,,20,1.0,2.0,1.0,2.0,0.25,2.0,0.25,1.0,0.0,2.0,1.0,0.5,4.0,1.0,1.0,1.0,1.0,1.0
472,Gliscor,Ground,Flying,Wings,2.0,42.5,10.6,75,95,125,45,75,95,510,30,4,70,179,Medium Slow,Gligar,False,True,False,False,False,False,False,False,False,0.5,Fang Scorpion ,Bug,,20,1.0,1.0,2.0,0.0,1.0,4.0,0.5,0.5,0.0,1.0,1.0,0.5,1.0,1.0,1.0,1.0,1.0,1.0
473,Mamoswine,Ice,Ground,Quadruped,2.5,291.0,46.6,110,130,80,70,60,80,530,50,4,70,239,Slow,Piloswine,False,True,False,False,False,False,False,False,False,0.5,Twin Tusk ,Field,,20,1.0,2.0,2.0,0.0,2.0,1.0,2.0,0.5,1.0,1.0,1.0,1.0,1.0,1.0,1.0,1.0,2.0,1.0
475,Gallade,Psychic,Fighting,Humanoid,1.6,52.0,20.3,68,125,65,65,115,80,518,45,4,35,233,Slow,Kirlia,False,True,False,False,False,True,False,False,False,0.0,Blade ,Human-Like,Amorphous,20,1.0,1.0,1.0,1.0,1.0,1.0,0.5,1.0,1.0,2.0,1.0,1.0,0.5,2.0,1.0,1.0,1.0,2.0
475,Mega Gallade,Psychic,Fighting,Humanoid,1.6,56.4,22.0,68,165,95,65,115,110,618,45,6,35,278,Slow,Kirlia,True,False,False,False,False,True,False,False,False,0.0,Blade ,Human-Like,Amorphous,20,1.0,1.0,1.0,1.0,1.0,1.0,0.5,1.0,1.0,2.0,1.0,1.0,0.5,2.0,1.0,1.0,1.0,2.0
476,Probopass,Rock,Steel,Heads,1.4,340.0,173.5,60,55,145,75,150,40,525,60,4,70,184,Medium Fast,Nosepass,False,True,False,False,False,False,False,False,False,0.5,Compass ,Mineral,,20,0.25,1.0,2.0,1.0,1.0,0.5,4.0,0.0,4.0,0.25,0.5,0.5,0.5,1.0,0.5,1.0,1.0,0.5
478,Froslass,Ice,Ghost,Arms,1.3,26.6,15.7,70,80,70,80,70,110,480,75,4,70,168,Medium Fast,Snorunt,False,True,False,False,False,False,False,False,False,1.0,Snow Land ,Fairy,Mineral,20,0.0,2.0,1.0,1.0,1.0,0.5,0.0,0.5,1.0,1.0,1.0,0.5,2.0,2.0,1.0,2.0,2.0,1.0
499,Pignite,Fire,Fighting,Upright,1.0,55.5,55.5,90,93,55,70,55,55,418,45,5,70,146,Medium Slow,Tepig,False,True,False,False,False,False,False,False,False,0.125,Fire Pig ,Field,,20,1.0,0.5,2.0,1.0,0.5,0.5,1.0,1.0,2.0,2.0,2.0,0.25,1.0,1.0,1.0,0.5,0.5,1.0
500,Emboar,Fire,Fighting,Upright,1.6,150.0,58.6,110,123,65,100,65,65,528,45,5,70,238,Medium Slow,Pignite,False,True,False,False,False,False,False,False,False,0.125,Mega Fire Pig ,Field,,20,1.0,0.5,2.0,1.0,0.5,0.5,1.0,1.0,2.0,2.0,2.0,0.25,1.0,1.0,1.0,0.5,0.5,1.0
520,Tranquill,Normal,Flying,Wings,0.6,15.0,41.7,62,77,62,50,42,65,358,120,5,70,125,Medium Slow,Pidove,False,True,False,False,False,False,False,False,False,0.5,Wild Pigeon ,Flying,,15,1.0,1.0,1.0,2.0,0.5,2.0,1.0,1.0,0.0,1.0,1.0,0.5,2.0,0.0,1.0,1.0,1.0,1.0
521,Unfezant,Normal,Flying,Wings,1.2,29.0,20.1,80,115,80,65,55,93,488,45,5,70,220,Medium Slow,Tranquill,False,True,False,False,False,False,False,False,False,0.5,Proud ,Flying,,15,1.0,1.0,1.0,2.0,0.5,2.0,1.0,1.0,0.0,1.0,1.0,0.5,2.0,0.0,1.0,1.0,1.0,1.0
528,Swoobat,Psychic,Flying,Wings,0.9,10.5,13.0,67,57,55,77,55,114,425,45,5,70,149,Medium Fast,Woobat,False,True,False,False,False,False,False,False,False,0.5,Courting ,Field,Flying,15,1.0,1.0,1.0,2.0,0.5,2.0,0.25,1.0,0.0,1.0,0.5,1.0,2.0,2.0,1.0,2.0,1.0,1.0
530,Excadrill,Ground,Steel,Humanoid,0.7,40.4,82.4,110,135,60,50,65,88,508,60,5,70,178,Medium Fast,Drilbur,False,True,False,False,False,False,False,False,False,0.5,Subterrene ,Field,,20,0.5,2.0,2.0,0.0,1.0,1.0,2.0,0.0,2.0,0.5,0.5,0.5,0.25,1.0,0.5,1.0,0.5,0.5
536,Palpitoad,Water,Ground,Upright,0.8,17.0,26.6,75,65,55,65,55,69,384,120,5,70,134,Medium Slow,Tympole,False,True,False,False,False,False,False,False,False,0.5,Vibration ,Water 1,,20,1.0,0.5,1.0,0.0,4.0,1.0,1.0,0.5,1.0,1.0,1.0,1.0,0.5,1.0,1.0,1.0,0.5,1.0
537,Seismitoad,Water,Ground,Humanoid,1.5,62.0,27.6,105,95,75,85,75,74,509,45,5,70,229,Medium Slow,Palpitoad,False,True,False,False,False,False,False,False,False,0.5,Vibration ,Water 1,,20,1.0,0.5,1.0,0.0,4.0,1.0,1.0,0.5,1.0,1.0,1.0,1.0,0.5,1.0,1.0,1.0,0.5,1.0
541,Swadloon,Bug,Grass,Arms,0.5,7.3,29.2,55,63,90,50,80,42,380,120,5,70,133,Medium Slow,Sewaddle,False,True,False,False,False,False,False,False,False,0.5,Leaf-Wrapped ,Bug,,15,1.0,4.0,0.5,0.5,0.25,2.0,0.5,2.0,0.25,4.0,1.0,2.0,2.0,1.0,1.0,1.0,1.0,1.0
542,Leavanny,Bug,Grass,Humanoid,1.2,20.5,14.2,75,103,80,70,80,92,500,45,5,70,225,Medium Slow,Swadloon,False,True,False,False,False,False,False,False,False,0.5,Nurturing ,Bug,,15,1.0,4.0,0.5,0.5,0.25,2.0,0.5,2.0,0.25,4.0,1.0,2.0,2.0,1.0,1.0,1.0,1.0,1.0
544,Whirlipede,Bug,Poison,Ball,1.2,58.5,40.6,40,55,99,40,79,47,360,120,5,70,126,Medium Slow,Venipede,False,True,False,False,False,False,False,False,False,0.5,Curlipede ,Bug,,15,1.0,2.0,1.0,1.0,0.25,1.0,0.25,0.5,1.0,2.0,2.0,0.5,2.0,1.0,1.0,1.0,1.0,0.5
545,Scolipede,Bug,Poison,Armor,2.5,200.5,32.1,60,100,89,55,69,112,485,45,5,70,218,Medium Slow,Whirlipede,False,True,False,False,False,False,False,False,False,0.5,Megapede ,Bug,,20,1.0,2.0,1.0,1.0,0.25,1.0,0.25,0.5,1.0,2.0,2.0,0.5,2.0,1.0,1.0,1.0,1.0,0.5
547,Whimsicott,Grass,Fairy,Humanoid,0.7,6.6,13.5,60,67,85,77,75,116,480,75,5,70,168,Medium Fast,Cottonee,False,True,False,False,False,False,False,False,False,0.5,Windveiled ,Grass,Fairy,20,1.0,2.0,0.5,0.5,0.5,2.0,0.5,4.0,0.5,2.0,1.0,1.0,1.0,1.0,0.0,0.5,2.0,1.0
552,Krokorok,Ground,Dark,Quadruped,1.0,33.4,33.4,60,82,45,45,45,74,351,90,5,70,123,Medium Slow,Sandile,False,True,False,False,False,False,False,False,False,0.5,Desert Croc ,Field,,20,1.0,1.0,2.0,0.0,2.0,2.0,2.0,0.5,1.0,1.0,0.0,2.0,0.5,0.5,1.0,0.5,1.0,2.0
553,Krookodile,Ground,Dark,Upright,1.5,96.3,42.8,95,117,80,65,70,92,519,45,5,70,234,Medium Slow,Krokorok,False,True,False,False,False,False,False,False,False,0.5,Intimidation ,Field,,20,1.0,1.0,2.0,0.0,2.0,2.0,2.0,0.5,1.0,1.0,0.0,2.0,0.5,0.5,1.0,0.5,1.0,2.0
555,Darmanitan Zen Mode,Fire,Psychic,Quadruped,1.3,92.9,55.0,105,30,105,140,105,55,540,60,5,70,189,Medium Slow,Darumaka,False,False,False,False,False,True,False,False,False,0.5,Blazing ,Field,,20,1.0,0.5,2.0,1.0,0.5,0.5,0.5,1.0,2.0,1.0,0.5,1.0,2.0,2.0,1.0,2.0,0.5,0.5
555,Galarian Darmanitan Zen-Mode,Ice,Fire,Quadruped,1.7,120.0,41.5,105,160,55,30,55,135,540,60,8,70,168,Medium Slow,Darumaka,False,False,False,False,True,True,False,False,False,0.5,Blazing ,Field,,20,1.0,1.0,2.0,1.0,0.5,0.25,2.0,1.0,2.0,1.0,1.0,0.5,4.0,1.0,1.0,1.0,1.0,0.5
558,Crustle,Bug,Rock,Armor,1.4,200.0,102.0,70,105,125,65,75,45,485,75,5,70,170,Medium Fast,Dwebble,False,True,False,False,False,False,False,False,False,0.5,Stone Home ,Bug,Mineral,20,0.5,1.0,2.0,1.0,1.0,1.0,1.0,0.5,1.0,1.0,1.0,1.0,2.0,1.0,1.0,1.0,2.0,1.0
560,Scrafty,Dark,Fighting,Upright,1.1,30.0,24.8,65,90,115,45,115,58,488,90,5,70,171,Medium Fast,Scraggy,False,True,False,False,False,False,False,False,False,0.5,Hoodlum ,Field,Dragon,15,1.0,1.0,1.0,1.0,1.0,1.0,2.0,1.0,1.0,2.0,0.0,1.0,0.5,0.5,1.0,0.25,1.0,4.0
565,Carracosta,Water,Rock,Upright,1.2,81.0,56.3,74,108,133,83,65,32,495,45,5,70,173,Medium Fast,Tirtouga,False,True,False,False,False,False,False,False,False,0.125,Prototurtle ,Water 1,Water 3,30,0.5,0.25,1.0,2.0,4.0,0.5,2.0,0.5,2.0,0.5,1.0,1.0,1.0,1.0,1.0,1.0,1.0,1.0
567,Archeops,Rock,Flying,Wings,1.4,32.0,16.3,75,140,65,112,65,110,567,45,5,70,177,Medium Fast,Archen,False,True,False,False,False,False,False,False,False,0.125,First Bird ,Flying,Water 3,30,0.5,0.5,2.0,2.0,1.0,2.0,1.0,0.5,0.0,0.5,1.0,0.5,2.0,1.0,1.0,1.0,2.0,1.0
581,Swanna,Water,Flying,Wings,1.3,24.2,14.3,75,87,63,87,63,98,473,45,5,70,166,Medium Fast,Ducklett,False,True,False,False,False,False,False,False,False,0.5,White Bird ,Water 1,Flying,20,1.0,0.5,0.5,4.0,1.0,1.0,0.5,1.0,0.0,1.0,1.0,0.5,2.0,1.0,1.0,1.0,0.5,1.0
586,Sawsbuck,Normal,Grass,Quadruped,1.9,92.5,25.6,80,100,70,60,70,95,475,75,5,70,166,Medium Fast,Deerling,False,True,False,False,False,True,False,False,False,0.5,Season ,Field,,20,1.0,2.0,0.5,0.5,0.5,2.0,2.0,2.0,0.5,2.0,1.0,2.0,1.0,0.0,1.0,1.0,1.0,1.0
589,Escavalier,Bug,Steel,Arms,1.0,33.0,33.0,70,135,105,60,105,20,495,75,5,70,173,Medium Fast,Karrablast,False,True,False,False,False,False,False,False,False,0.5,Cavalry ,Bug,,15,0.5,4.0,1.0,1.0,0.25,0.5,1.0,0.0,1.0,1.0,0.5,0.5,1.0,1.0,0.5,1.0,0.5,0.5
591,Amoonguss,Grass,Poison,Arms,0.6,10.5,29.2,114,85,70,85,80,30,464,75,5,70,162,Medium Fast,Foongus,False,True,False,False,False,False,False,False,False,0.5,Mushroom ,Grass,,20,1.0,2.0,0.5,0.5,0.25,2.0,0.5,1.0,1.0,2.0,2.0,1.0,1.0,1.0,1.0,1.0,1.0,0.5
593,Jellicent,Water,Ghost,Tentacles,2.2,135.0,27.9,100,60,70,85,105,60,480,60,5,70,168,Medium Fast,Frillish,False,True,False,False,False,False,False,False,False,0.5,Floating ,Amorphous,,20,0.0,0.5,0.5,2.0,2.0,0.5,0.0,0.5,1.0,1.0,1.0,0.5,1.0,2.0,1.0,2.0,0.5,1.0
596,Galvantula,Bug,Electric,Armor,0.8,14.3,22.3,70,77,60,97,60,108,472,75,5,70,165,Medium Fast,Joltik,False,True,False,False,False,False,False,False,False,0.5,EleSpider ,Bug,,20,1.0,2.0,1.0,0.5,0.5,1.0,0.5,1.0,1.0,1.0,1.0,1.0,2.0,1.0,1.0,1.0,0.5,1.0
598,Ferrothorn,Grass,Steel,Tentacles,1.0,110.0,110.0,74,94,131,54,116,20,489,90,5,70,171,Medium Fast,Ferroseed,False,True,False,False,False,False,False,False,False,0.5,Thorn Pod ,Grass,Mineral,20,0.5,4.0,0.5,0.5,0.25,1.0,2.0,0.0,1.0,1.0,0.5,1.0,0.5,1.0,0.5,1.0,0.5,0.5
608,Lampent,Ghost,Fire,Arms,0.6,13.0,36.1,60,40,60,95,60,55,370,90,5,70,130,Medium Slow,Litwick,False,True,False,False,False,False,False,False,False,0.5,Lamp ,Amorphous,,20,0.0,0.5,2.0,1.0,0.5,0.5,0.0,0.5,2.0,1.0,1.0,0.25,2.0,2.0,1.0,2.0,0.5,0.5
609,Chandelure,Ghost,Fire,Arms,1.0,34.3,34.3,60,55,90,145,90,80,520,45,5,70,234,Medium Slow,Lampent,False,True,False,False,False,False,False,False,False,0.5,Luring ,Amorphous,,20,0.0,0.5,2.0,1.0,0.5,0.5,0.0,0.5,2.0,1.0,1.0,0.25,2.0,2.0,1.0,2.0,0.5,0.5
623,Golurk,Ground,Ghost,Humanoid,2.8,330.0,42.1,89,124,80,55,80,55,483,90,5,70,169,Medium Fast,Golett,False,True,False,False,False,False,False,False,True,0.0,Automaton ,Mineral,,25,0.0,1.0,2.0,0.0,2.0,2.0,0.0,0.25,1.0,1.0,1.0,0.5,0.5,2.0,1.0,2.0,1.0,1.0
625,Bisharp,Dark,Steel,Humanoid,1.6,70.0,27.3,65,125,100,60,70,70,490,45,5,35,172,Medium Fast,Pawniard,False,True,False,False,False,False,False,False,False,0.5,Sword Blade ,Human-Like,,20,0.5,2.0,1.0,1.0,0.5,0.5,4.0,0.0,2.0,0.5,0.0,1.0,0.5,0.5,0.5,0.5,0.5,1.0
628,Braviary,Normal,Flying,Wings,1.5,41.0,18.2,100,123,75,57,75,80,510,60,5,70,179,Slow,Rufflet,False,True,False,False,False,False,False,False,False,0.0,Valiant ,Flying,,20,1.0,1.0,1.0,2.0,0.5,2.0,1.0,1.0,0.0,1.0,1.0,0.5,2.0,0.0,1.0,1.0,1.0,1.0
630,Mandibuzz,Dark,Flying,Wings,1.2,39.5,27.4,110,65,105,55,95,80,510,60,5,35,179,Slow,Vullaby,False,True,False,False,False,False,False,False,False,1.0,Bone Vulture ,Flying,,20,1.0,1.0,1.0,2.0,0.5,2.0,1.0,1.0,0.0,1.0,0.0,1.0,2.0,0.5,1.0,0.5,1.0,2.0
634,Zweilous,Dark,Dragon,Quadruped,1.4,50.0,25.5,72,85,70,65,70,58,420,45,5,35,147,Slow,Deino,False,True,False,False,False,False,False,False,False,0.5,Hostile ,Dragon,,40,1.0,0.5,0.5,0.5,0.5,2.0,2.0,1.0,1.0,1.0,0.0,2.0,1.0,0.5,2.0,0.5,1.0,4.0
635,Hydreigon,Dark,Dragon,Upright,1.8,160.0,49.4,92,105,90,125,90,98,600,45,5,35,270,Slow,Zweilous,False,True,False,False,False,False,False,False,False,0.5,Brutal ,Dragon,,40,1.0,0.5,0.5,0.5,0.5,2.0,2.0,1.0,1.0,1.0,0.0,2.0,1.0,0.5,2.0,0.5,1.0,4.0
637,Volcarona,Bug,Fire,Bug-Wings,1.6,46.0,18.0,85,60,65,135,105,100,550,15,5,70,248,Slow,Larvesta,False,True,False,False,False,False,False,False,False,0.5,Sun ,Bug,,40,1.0,1.0,2.0,1.0,0.25,0.5,0.5,1.0,1.0,2.0,1.0,0.5,4.0,1.0,1.0,1.0,0.5,0.5
652,Chesnaught,Grass,Fighting,Upright,1.6,90.0,35.2,88,107,122,74,75,64,530,45,6,70,239,Medium Slow,Quilladin,False,True,False,False,False,False,False,False,False,0.125,Spiny Armor ,Field,,20,1.0,2.0,0.5,0.5,0.5,2.0,1.0,2.0,0.5,4.0,2.0,1.0,0.5,1.0,1.0,0.5,1.0,2.0
655,Delphox,Fire,Psychic,Upright,1.5,39.0,17.3,75,69,72,114,100,104,534,45,6,70,240,Medium Slow,Braixen,False,True,False,False,False,False,False,False,False,0.125,Fox ,Field,,20,1.0,0.5,2.0,1.0,0.5,0.5,0.5,1.0,2.0,1.0,0.5,1.0,2.0,2.0,1.0,2.0,0.5,0.5
658,Greninja,Water,Dark,Humanoid,1.5,40.0,17.8,72,95,67,103,71,122,530,45,6,70,239,Medium Slow,Frogadier,False,True,False,False,False,False,False,False,False,0.125,Ninja ,Water 1,,20,1.0,0.5,0.5,2.0,2.0,0.5,2.0,1.0,1.0,1.0,0.0,2.0,1.0,0.5,1.0,0.5,0.5,2.0
658,Greninja Ash,Water,Dark,Humanoid,1.5,40.0,17.8,72,145,67,153,71,132,640,45,6,70,288,Medium Slow,Frogadier,False,False,False,False,False,False,False,False,False,0.125,Ninja ,Water 1,,20,1.0,0.5,0.5,2.0,2.0,0.5,2.0,1.0,1.0,1.0,0.0,2.0,1.0,0.5,1.0,0.5,0.5,2.0
658,Greninja Battle Bond,Water,Dark,Humanoid,1.5,40.0,17.8,72,95,67,103,71,122,530,45,7,70,239,Medium Slow,Frogadier,False,False,False,False,False,False,False,False,False,0.125,Ninja ,Water 1,,20,1.0,0.5,0.5,2.0,2.0,0.5,2.0,1.0,1.0,1.0,0.0,2.0,1.0,0.5,1.0,0.5,0.5,2.0
660,Diggersby,Normal,Ground,Upright,1.0,42.4,42.4,85,56,77,50,77,78,423,127,6,70,148,Medium Fast,Bunnelby,False,True,False,False,False,False,False,False,False,0.5,Digging ,Field,,15,1.0,1.0,2.0,0.0,2.0,2.0,2.0,0.5,1.0,1.0,1.0,1.0,0.5,0.0,1.0,1.0,1.0,1.0
662,Fletchinder,Fire,Flying,Wings,0.7,16.0,32.7,62,73,55,56,52,84,382,120,6,70,134,Medium Slow,Fletchling,False,True,False,False,False,False,False,False,False,0.5,Ember ,Flying,,15,1.0,0.5,2.0,2.0,0.25,1.0,0.5,1.0,0.0,1.0,1.0,0.25,4.0,1.0,1.0,1.0,0.5,0.5
663,Talonflame,Fire,Flying,Wings,1.2,24.5,17.0,78,81,71,74,69,126,499,45,6,70,175,Medium Slow,Fletchinder,False,True,False,False,False,False,False,False,False,0.5,Scorching ,Flying,,15,1.0,0.5,2.0,2.0,0.25,1.0,0.5,1.0,0.0,1.0,1.0,0.25,4.0,1.0,1.0,1.0,0.5,0.5
666,Vivillon,Bug,Flying,Bug-Wings,1.2,17.0,11.8,80,52,50,90,50,89,411,45,6,70,185,Medium Fast,Spewpa,False,True,False,False,False,False,False,False,False,0.5,Scale ,Bug,,15,1.0,2.0,1.0,2.0,0.25,2.0,0.25,1.0,0.0,2.0,1.0,0.5,4.0,1.0,1.0,1.0,1.0,1.0
668,Pyroar,Fire,Normal,Quadruped,1.5,81.5,36.2,86,68,72,109,66,106,507,65,6,70,177,Medium Slow,Litleo,False,True,False,False,False,False,False,False,False,0.875,Royal ,Field,,20,1.0,0.5,2.0,1.0,0.5,0.5,2.0,1.0,2.0,1.0,1.0,0.5,2.0,0.0,1.0,1.0,0.5,0.5
675,Pangoro,Fighting,Dark,Humanoid,2.1,136.0,30.8,95,124,78,69,71,58,495,65,6,70,173,Medium Fast,Pancham,False,True,False,False,False,False,False,False,False,0.5,Daunting ,Field,Human-Like,25,1.0,1.0,1.0,1.0,1.0,1.0,2.0,1.0,1.0,2.0,0.0,1.0,0.5,0.5,1.0,0.25,1.0,4.0
680,Doublade,Steel,Ghost,Heads,0.8,4.5,7.0,59,110,150,45,49,35,448,90,6,70,157,Medium Fast,Honedge,False,True,False,False,False,False,False,False,False,0.5,Sword ,Mineral,,20,0.0,2.0,1.0,1.0,0.5,0.5,0.0,0.0,2.0,0.5,0.5,0.25,0.5,2.0,0.5,2.0,0.5,0.5
681,Aegislash Blade Form,Steel,Ghost,Blob,1.7,53.0,18.3,50,140,70,140,70,60,530,45,6,70,234,Medium Fast,Doublade,False,False,False,False,False,True,False,False,False,0.5,Royal Sword ,Mineral,,20,0.0,2.0,1.0,1.0,0.5,0.5,0.0,0.0,2.0,0.5,0.5,0.25,0.5,2.0,0.5,2.0,0.5,0.5
681,Aegislash Shield Form,Steel,Ghost,Blob,1.7,53.0,18.3,50,70,140,70,140,60,530,45,6,70,234,Medium Fast,Doublade,False,True,False,False,False,True,False,False,False,0.5,Royal Sword ,Mineral,,20,0.0,2.0,1.0,1.0,0.5,0.5,0.0,0.0,2.0,0.5,0.5,0.25,0.5,2.0,0.5,2.0,0.5,0.5
687,Malamar,Dark,Psychic,Blob,1.5,47.0,20.9,86,92,88,68,75,73,482,80,6,70,169,Medium Fast,Inkay,False,True,False,False,False,False,False,False,False,0.5,Overturning ,Water 1,Water 2,20,1.0,1.0,1.0,1.0,1.0,1.0,1.0,1.0,1.0,1.0,0.0,4.0,1.0,1.0,1.0,1.0,1.0,2.0
689,Barbaracle,Rock,Water,Heads,1.3,96.0,56.8,72,105,115,54,86,68,500,45,6,70,175,Medium Fast,Binacle,False,True,False,False,False,False,False,False,False,0.5,Collective ,Water 3,,20,0.5,0.25,1.0,2.0,4.0,0.5,2.0,0.5,2.0,0.5,1.0,1.0,1.0,1.0,1.0,1.0,1.0,1.0
691,Dragalge,Poison,Dragon,Blob,1.8,81.5,25.2,65,75,90,97,123,44,494,55,6,70,173,Medium Fast,Skrelp,False,True,False,False,False,False,False,False,False,0.5,Mock Kelp ,Water 1,Dragon,20,1.0,0.5,0.5,0.5,0.25,2.0,0.5,0.5,2.0,1.0,2.0,0.5,1.0,1.0,2.0,1.0,1.0,1.0
695,Heliolisk,Electric,Normal,Upright,1.0,21.0,21.0,62,55,52,109,94,109,481,75,6,70,168,Medium Fast,Helioptile,False,True,False,False,False,False,False,False,False,0.5,Generator ,Monster,Dragon,20,1.0,1.0,1.0,0.5,1.0,1.0,2.0,1.0,2.0,0.5,1.0,1.0,1.0,0.0,1.0,1.0,0.5,1.0
697,Tyrantrum,Rock,Dragon,Upright,2.5,270.0,43.2,82,121,119,69,59,71,521,45,6,70,182,Medium Fast,Tyrunt,False,True,False,False,False,False,False,False,False,0.125,Despot ,Monster,Dragon,30,0.5,0.25,1.0,0.5,1.0,2.0,2.0,0.5,2.0,0.5,1.0,1.0,1.0,1.0,2.0,1.0,2.0,2.0
699,Aurorus,Rock,Ice,Quadruped,2.7,225.0,30.9,123,77,72,99,92,58,521,45,6,70,104,Medium Fast,Amaura,False,True,False,False,False,False,False,False,False,0.125,Tundra ,Monster,,30,0.5,1.0,2.0,1.0,2.0,0.5,4.0,0.5,2.0,0.5,1.0,1.0,2.0,1.0,1.0,1.0,4.0,1.0
709,Trevenant,Ghost,Grass,Tentacles,1.5,71.0,31.6,85,110,76,65,82,56,474,60,6,70,166,Medium Fast,Phantump,False,True,False,False,False,False,False,False,False,0.5,Elder Tree ,Grass,Amorphous,20,0.0,2.0,0.5,0.5,0.5,2.0,0.0,1.0,0.5,2.0,1.0,1.0,1.0,2.0,1.0,2.0,1.0,1.0
711,Average Size Gourgeist,Ghost,Grass,Blob,0.9,12.5,15.4,65,90,122,58,75,84,494,60,6,70,173,Medium Fast,Pumpkaboo,False,True,False,False,False,False,False,False,False,0.5,Pumpkin ,Amorphous,,20,0.0,2.0,0.5,0.5,0.5,2.0,0.0,1.0,0.5,2.0,1.0,1.0,1.0,2.0,1.0,2.0,1.0,1.0
711,Large Size Gourgeist,Ghost,Grass,Blob,1.1,14.0,11.6,75,95,122,58,75,69,494,60,6,70,173,Medium Fast,Pumpkaboo,False,False,False,False,False,False,False,False,False,0.5,Pumpkin ,Amorphous,,20,0.0,2.0,0.5,0.5,0.5,2.0,0.0,1.0,0.5,2.0,1.0,1.0,1.0,2.0,1.0,2.0,1.0,1.0
711,Small Size Gourgeist,Ghost,Grass,Blob,0.7,9.5,19.4,55,85,122,58,75,99,494,60,6,70,173,Medium Fast,Pumpkaboo,False,False,False,False,False,False,False,False,False,0.5,Pumpkin ,Amorphous,,20,0.0,2.0,0.5,0.5,0.5,2.0,0.0,1.0,0.5,2.0,1.0,1.0,1.0,2.0,1.0,2.0,1.0,1.0
711,Super Size Gourgeist,Ghost,Grass,Blob,1.7,39.0,13.5,85,100,122,58,75,54,494,60,6,70,173,Medium Fast,Pumpkaboo,False,False,False,False,False,False,False,False,False,0.5,Pumpkin ,Amorphous,,20,0.0,2.0,0.5,0.5,0.5,2.0,0.0,1.0,0.5,2.0,1.0,1.0,1.0,2.0,1.0,2.0,1.0,1.0
715,Noivern,Flying,Dragon,Wings,1.5,85.0,37.8,85,70,80,97,80,123,535,45,6,70,187,Medium Fast,Noibat,False,True,False,False,False,False,False,False,False,0.5,Sound Wave ,Flying,Dragon,20,1.0,0.5,0.5,1.0,0.25,4.0,0.5,1.0,0.0,1.0,1.0,0.5,2.0,1.0,2.0,1.0,1.0,2.0
723,Dartrix,Grass,Flying,Wings,0.7,16.0,32.7,78,75,75,70,70,52,420,45,7,70,147,Medium Slow,Rowlet,False,True,False,False,False,False,False,False,False,0.125,Blade Quill ,Flying,,15,1.0,2.0,0.5,1.0,0.25,4.0,0.5,2.0,0.0,2.0,1.0,1.0,2.0,1.0,1.0,1.0,1.0,1.0
724,Decidueye,Grass,Ghost,Wings,1.6,36.6,14.3,78,107,75,100,100,70,530,45,7,70,239,Medium Slow,Dartrix,False,True,False,False,False,False,False,False,False,0.125,Arrow Quill ,Flying,,15,0.0,2.0,0.5,0.5,0.5,2.0,0.0,1.0,0.5,2.0,1.0,1.0,1.0,2.0,1.0,2.0,1.0,1.0
727,Incineroar,Fire,Dark,Upright,1.8,83.0,25.6,95,115,90,80,90,60,530,45,7,70,239,Medium Slow,Torracat,False,True,False,False,False,False,False,False,False,0.125,Heel ,Field,,15,1.0,0.5,2.0,1.0,0.5,0.5,2.0,1.0,2.0,1.0,0.0,1.0,2.0,0.5,1.0,0.5,0.5,1.0
730,Primarina,Water,Fairy,Fish,1.8,44.0,13.6,80,74,74,126,116,60,530,45,7,70,239,Medium Slow,Brionne,False,True,False,False,False,False,False,False,False,0.125,Soloist ,Water 1,Field,15,1.0,0.5,0.5,2.0,2.0,0.5,0.5,2.0,1.0,1.0,1.0,0.5,1.0,1.0,0.0,0.5,1.0,1.0
732,Trumbeak,Normal,Flying,Wings,0.6,14.8,41.1,55,85,50,40,50,75,355,120,7,70,124,Medium Fast,Pikipek,False,True,False,False,False,False,False,False,False,0.5,Bugle Beak ,Flying,,15,1.0,1.0,1.0,2.0,0.5,2.0,1.0,1.0,0.0,1.0,1.0,0.5,2.0,0.0,1.0,1.0,1.0,1.0
733,Toucannon,Normal,Flying,Wings,1.1,26.0,21.5,80,120,75,75,75,60,485,45,7,70,218,Medium Fast,Trumbeak,False,True,False,False,False,False,False,False,False,0.5,Cannon ,Flying,,15,1.0,1.0,1.0,2.0,0.5,2.0,1.0,1.0,0.0,1.0,1.0,0.5,2.0,0.0,1.0,1.0,1.0,1.0
737,Charjabug,Bug,Electric,Squiggle,0.5,10.5,42.0,57,82,95,55,75,36,400,120,7,70,140,Medium Fast,Grubbin,False,True,False,False,False,False,False,False,False,0.5,Battery ,Bug,,15,1.0,2.0,1.0,0.5,0.5,1.0,0.5,1.0,1.0,1.0,1.0,1.0,2.0,1.0,1.0,1.0,0.5,1.0
738,Vikavolt,Bug,Electric,Armor,1.5,45.0,20.0,77,70,90,145,75,43,500,45,7,70,225,Medium Fast,Charjabug,False,True,False,False,False,False,False,False,False,0.5,Stag Beetle ,Bug,,15,1.0,2.0,1.0,0.5,0.5,1.0,0.5,1.0,1.0,1.0,1.0,1.0,2.0,1.0,1.0,1.0,0.5,1.0
738,Vikavolt Totem,Bug,Electric,Armor,2.6,147.5,21.8,77,70,90,145,75,43,500,45,8,70,225,Medium Fast,Charjabug,False,False,False,False,False,False,False,False,False,0.5,Stag Beetle ,Bug,,15,1.0,2.0,1.0,0.5,0.5,1.0,0.5,1.0,1.0,1.0,1.0,1.0,2.0,1.0,1.0,1.0,0.5,1.0
740,Crabominable,Fighting,Ice,Armor,1.7,180.0,62.3,97,132,77,62,67,43,478,60,7,70,167,Medium Fast,Crabrawler,False,True,False,False,False,False,False,False,False,0.5,Woolly Crab ,Water 3,,20,1.0,2.0,1.0,1.0,1.0,0.5,2.0,1.0,1.0,2.0,2.0,0.5,1.0,1.0,1.0,0.5,2.0,2.0
743,Ribombee,Bug,Fairy,Bug-Wings,0.2,0.5,12.5,60,55,60,95,70,124,464,75,7,70,162,Medium Fast,Cutiefly,False,True,False,False,False,False,False,False,False,0.5,Bee Fly ,Bug,Fairy,20,1.0,2.0,1.0,1.0,0.5,1.0,0.25,2.0,0.5,2.0,1.0,0.5,2.0,1.0,0.0,0.5,2.0,1.0
743,Ribombee Totem,Bug,Fairy,Bug-Wings,0.4,2.0,12.5,60,55,60,95,70,124,464,75,7,70,162,Medium Fast,Cutiefly,False,False,False,False,False,False,False,False,False,0.5,Bee Fly ,Bug,Fairy,20,1.0,2.0,1.0,1.0,0.5,1.0,0.25,2.0,0.5,2.0,1.0,0.5,2.0,1.0,0.0,0.5,2.0,1.0
748,Toxapex,Poison,Water,Tentacles,0.7,14.5,29.6,50,63,152,53,142,35,495,75,7,70,173,Medium Fast,Mareanie,False,True,False,False,False,False,False,False,False,0.5,Brutal Star ,Water 1,,20,1.0,0.5,0.5,2.0,1.0,0.5,0.5,0.5,2.0,1.0,2.0,0.5,1.0,1.0,1.0,1.0,0.5,0.5
752,Araquanid,Water,Bug,Armor,1.8,82.0,25.3,68,70,92,50,132,42,454,100,7,70,159,Medium Fast,Dewpider,False,True,False,False,False,False,False,False,False,0.5,Water Bubble ,Water 1,Bug,15,1.0,1.0,0.5,2.0,1.0,0.5,0.5,1.0,0.5,2.0,1.0,1.0,2.0,1.0,1.0,1.0,0.5,1.0
752,Araquanid Totem,Water,Bug,Armor,3.1,217.5,22.6,68,70,92,50,132,42,454,100,7,70,159,Medium Fast,Dewpider,False,False,False,False,False,False,False,False,False,0.5,Water Bubble ,Water 1,Bug,15,1.0,1.0,0.5,2.0,1.0,0.5,0.5,1.0,0.5,2.0,1.0,1.0,2.0,1.0,1.0,1.0,0.5,1.0
756,Shiinotic,Grass,Fairy,Humanoid,1.0,11.5,11.5,60,45,80,90,100,30,405,75,7,70,142,Medium Fast,Morelull,False,True,False,False,False,False,False,False,False,0.5,Illuminating ,Grass,,20,1.0,2.0,0.5,0.5,0.5,2.0,0.5,4.0,0.5,2.0,1.0,1.0,1.0,1.0,0.0,0.5,2.0,1.0
758,Salazzle,Poison,Fire,Quadruped,1.2,22.2,15.4,68,64,60,111,60,117,480,45,7,70,168,Medium Fast,Salandit,False,True,False,False,False,False,False,False,False,1.0,Toxic Lizard ,Monster,Dragon,20,1.0,0.5,2.0,1.0,0.25,0.5,0.5,0.5,4.0,1.0,2.0,0.25,2.0,1.0,1.0,1.0,0.5,0.25
758,Salazzle Totem,Poison,Fire,Quadruped,2.1,81.0,18.4,68,64,60,111,60,117,480,45,7,70,168,Medium Fast,Salandit,False,False,False,False,False,False,False,False,False,1.0,Toxic Lizard ,Monster,Dragon,20,1.0,0.5,2.0,1.0,0.25,0.5,0.5,0.5,4.0,1.0,2.0,0.25,2.0,1.0,1.0,1.0,0.5,0.25
760,Bewear,Normal,Fighting,Upright,2.1,135.0,30.6,120,125,80,55,60,60,500,70,7,70,175,Medium Fast,Stufful,False,True,False,False,False,False,False,False,False,0.5,Strong Arm ,Field,,15,1.0,1.0,1.0,1.0,1.0,1.0,2.0,1.0,1.0,2.0,2.0,0.5,0.5,0.0,1.0,0.5,1.0,2.0
768,Golisopod,Bug,Water,Humanoid,2.0,108.0,27.0,75,125,140,60,90,40,530,45,7,70,186,Medium Fast,Wimpod,False,True,False,False,False,False,False,False,False,0.5,Hard Scale ,Bug,Water 3,20,1.0,1.0,0.5,2.0,1.0,0.5,0.5,1.0,0.5,2.0,1.0,1.0,2.0,1.0,1.0,1.0,0.5,1.0
770,Palossand,Ghost,Ground,Squiggle,1.3,250.0,147.9,85,75,110,100,75,35,480,60,7,70,168,Medium Fast,Sandygast,False,True,False,False,False,False,False,False,False,0.5,Sand Castle ,Amorphous,,15,0.0,1.0,2.0,0.0,2.0,2.0,0.0,0.25,1.0,1.0,1.0,0.5,0.5,2.0,1.0,2.0,1.0,1.0
783,Hakamo-o,Dragon,Fighting,Upright,1.2,47.0,32.6,55,75,90,65,70,65,420,45,7,70,147,Slow,Jangmo O,False,True,False,False,False,False,False,False,False,0.5,Scaly ,Dragon,,40,1.0,0.5,0.5,0.5,0.5,2.0,1.0,1.0,1.0,2.0,2.0,0.5,0.5,1.0,2.0,0.5,1.0,4.0
784,Kommo-o,Dragon,Fighting,Upright,1.6,78.2,30.5,75,110,125,100,105,85,600,45,7,70,270,Slow,Hakamo O,False,True,False,False,False,False,False,False,False,0.5,Scaly ,Dragon,,40,1.0,0.5,0.5,0.5,0.5,2.0,1.0,1.0,1.0,2.0,2.0,0.5,0.5,1.0,2.0,0.5,1.0,4.0
784,Kommo-o Totem,Dragon,Fighting,Upright,2.4,207.5,36.0,75,110,125,100,105,85,600,45,7,70,270,Slow,Hakamo O,False,False,False,False,False,False,False,False,False,0.5,Scaly ,Dragon,,40,1.0,0.5,0.5,0.5,0.5,2.0,1.0,1.0,1.0,2.0,2.0,0.5,0.5,1.0,2.0,0.5,1.0,4.0
791,Solgaleo,Psychic,Steel,Quadruped,3.4,230.0,19.9,137,137,107,113,89,97,680,45,7,0,306,Slow,Cosmoem,False,True,False,False,False,False,True,False,True,0.0,Sunne ,Undiscovered,,120,0.5,2.0,1.0,1.0,0.5,0.5,1.0,0.0,2.0,0.5,0.25,1.0,0.5,2.0,0.5,2.0,0.5,0.5
792,Lunala,Psychic,Ghost,Wings,4.0,120.0,7.5,137,113,89,137,107,97,680,45,7,0,306,Slow,Cosmoem,False,True,False,False,False,False,True,False,True,0.0,Moone ,Undiscovered,,120,0.0,1.0,1.0,1.0,1.0,1.0,0.0,0.5,1.0,1.0,0.5,1.0,1.0,4.0,1.0,4.0,1.0,1.0
804,Naganadel,Poison,Dragon,Wings,3.6,150.0,11.6,73,73,73,127,73,121,540,45,7,0,243,Slow,Poipole,False,True,False,False,False,False,True,False,True,0.0,Poison Pin ,Undiscovered,,120,1.0,0.5,0.5,0.5,0.25,2.0,0.5,0.5,2.0,1.0,2.0,0.5,1.0,1.0,2.0,1.0,1.0,1.0
823,Corviknight,Flying,Steel,Wings,2.2,75.0,15.5,98,87,105,53,85,67,495,45,8,50,248,Medium Slow,Corvisquire,False,True,False,False,False,False,False,False,False,0.5,Raven ,Flying,,15,0.5,2.0,1.0,2.0,0.25,1.0,1.0,0.0,0.0,0.5,0.5,0.25,1.0,1.0,0.5,1.0,0.5,0.5
823,Corviknight Gmax,Flying,Steel,Wings,14.0,10000.0,51.0,98,87,105,53,85,67,495,45,8,50,248,Medium Slow,Corvisquire,False,False,False,False,False,False,False,False,False,0.5,Raven ,Flying,,15,0.5,2.0,1.0,2.0,0.25,1.0,1.0,0.0,0.0,0.5,0.5,0.25,1.0,1.0,0.5,1.0,0.5,0.5
825,Dottler,Bug,Psychic,Armor,0.4,19.5,121.9,50,35,80,50,90,30,335,120,8,50,117,Medium Fast,Blipbug,False,True,False,False,False,False,False,False,False,0.5,Radome ,Bug,,15,1.0,2.0,1.0,1.0,0.5,1.0,0.25,1.0,0.5,2.0,0.5,2.0,2.0,2.0,1.0,2.0,1.0,1.0
826,Orbeetle,Bug,Psychic,Wings,0.4,40.8,255.0,60,45,110,80,120,90,505,45,8,50,253,Medium Fast,Dottler,False,True,False,False,False,False,False,False,False,0.5,Seven Spot ,Bug,,15,1.0,2.0,1.0,1.0,0.5,1.0,0.25,1.0,0.5,2.0,0.5,2.0,2.0,2.0,1.0,2.0,1.0,1.0
826,Orbeetle Gmax,Bug,Psychic,Wings,14.0,10000.0,51.0,60,45,110,80,120,90,505,45,8,50,253,Medium Fast,Dottler,False,False,False,False,False,False,False,False,False,0.5,Seven Spot ,Bug,,15,1.0,2.0,1.0,1.0,0.5,1.0,0.25,1.0,0.5,2.0,0.5,2.0,2.0,2.0,1.0,2.0,1.0,1.0
834,Drednaw,Water,Rock,Quadruped,1.0,115.5,115.5,90,115,90,48,68,74,485,75,8,50,170,Medium Fast,Chewtle,False,True,False,False,False,False,False,False,False,0.5,Bite ,Monster,Water 1,20,0.5,0.25,1.0,2.0,4.0,0.5,2.0,0.5,2.0,0.5,1.0,1.0,1.0,1.0,1.0,1.0,1.0,1.0
834,Drednaw Gmax,Water,Rock,Quadruped,24.0,10000.0,17.4,90,115,90,48,68,74,485,75,8,50,170,Medium Fast,Chewtle,False,False,False,False,False,False,False,False,False,0.5,Bite ,Monster,Water 1,20,0.5,0.25,1.0,2.0,4.0,0.5,2.0,0.5,2.0,0.5,1.0,1.0,1.0,1.0,1.0,1.0,1.0,1.0
838,Carkol,Rock,Fire,Legs,1.1,78.0,64.5,80,60,90,60,70,50,410,120,8,50,144,Medium Slow,Rolycoly,False,True,False,False,False,False,False,False,False,0.5,Coal ,Mineral,,15,0.5,0.25,4.0,1.0,1.0,0.5,2.0,0.5,4.0,0.5,1.0,0.5,2.0,1.0,1.0,1.0,1.0,0.5
839,Coalossal,Rock,Fire,Humanoid,2.8,310.5,39.6,110,80,120,80,90,30,510,45,8,50,255,Medium Slow,Carkol,False,True,False,False,False,False,False,False,False,0.5,Coal ,Mineral,,15,0.5,0.25,4.0,1.0,1.0,0.5,2.0,0.5,4.0,0.5,1.0,0.5,2.0,1.0,1.0,1.0,1.0,0.5
839,Coalossal Gmax,Rock,Fire,Humanoid,42.0,10000.0,5.7,110,80,120,80,90,30,510,45,8,50,255,Medium Slow,Carkol,False,False,False,False,False,False,False,False,False,0.5,Coal ,Mineral,,15,0.5,0.25,4.0,1.0,1.0,0.5,2.0,0.5,4.0,0.5,1.0,0.5,2.0,1.0,1.0,1.0,1.0,0.5
841,Flapple,Grass,Dragon,Wings,0.3,1.0,11.1,70,110,80,95,60,70,485,45,8,50,170,Erratic,Applin,False,True,False,False,False,False,False,False,False,0.5,Apple Wing ,Grass,Dragon,20,1.0,1.0,0.25,0.25,0.25,4.0,1.0,2.0,0.5,2.0,1.0,2.0,1.0,1.0,2.0,1.0,1.0,2.0
841,Flapple Gmax,Grass,Dragon,Wings,24.0,10000.0,17.4,70,110,80,95,60,70,485,45,8,50,170,Erratic,Applin,False,False,False,False,False,False,False,False,False,0.5,Apple Wing ,Grass,Dragon,20,1.0,1.0,0.25,0.25,0.25,4.0,1.0,2.0,0.5,2.0,1.0,2.0,1.0,1.0,2.0,1.0,1.0,2.0
842,Appletun,Grass,Dragon,Quadruped,0.4,13.0,81.3,110,85,80,100,80,30,485,45,8,50,170,Erratic,Applin,False,True,False,False,False,False,False,False,False,0.5,Apple Nectar ,Grass,Dragon,20,1.0,1.0,0.25,0.25,0.25,4.0,1.0,2.0,0.5,2.0,1.0,2.0,1.0,1.0,2.0,1.0,1.0,2.0
842,Appletun Gmax,Grass,Dragon,Quadruped,24.0,10000.0,17.4,110,85,80,100,80,30,485,45,8,50,170,Erratic,Applin,False,False,False,False,False,False,False,False,False,0.5,Apple Nectar ,Grass,Dragon,20,1.0,1.0,0.25,0.25,0.25,4.0,1.0,2.0,0.5,2.0,1.0,2.0,1.0,1.0,2.0,1.0,1.0,2.0
849,Toxtricity Amped,Electric,Poison,Upright,1.6,40.0,15.6,75,98,70,114,70,75,502,45,8,50,176,Medium Slow,Toxel,False,True,False,False,False,False,False,False,False,0.5,Punk ,Human-Like,,25,1.0,1.0,1.0,0.5,0.5,1.0,0.5,0.5,4.0,0.5,2.0,0.5,1.0,1.0,1.0,1.0,0.5,0.5
849,Toxtricity Amped Gmax,Electric,Poison,Upright,24.0,10000.0,17.4,75,98,70,114,70,75,502,45,8,50,176,Medium Slow,Toxel,False,False,False,False,False,False,False,False,False,0.5,Punk ,Human-Like,,25,1.0,1.0,1.0,0.5,0.5,1.0,0.5,0.5,4.0,0.5,2.0,0.5,1.0,1.0,1.0,1.0,0.5,0.5
849,Toxtricity Low Key,Electric,Poison,Upright,1.6,40.0,15.6,75,98,70,114,70,75,502,45,8,50,176,Medium Slow,Toxel,False,False,False,False,False,False,False,False,False,0.5,Punk ,Human-Like,,25,1.0,1.0,1.0,0.5,0.5,1.0,0.5,0.5,4.0,0.5,2.0,0.5,1.0,1.0,1.0,1.0,0.5,0.5
849,Toxtricity Low Key Gmax,Electric,Poison,Upright,24.0,10000.0,17.4,75,98,70,114,70,75,502,45,8,50,176,Medium Slow,Toxel,False,False,False,False,False,False,False,False,False,0.5,Punk ,Human-Like,,25,1.0,1.0,1.0,0.5,0.5,1.0,0.5,0.5,4.0,0.5,2.0,0.5,1.0,1.0,1.0,1.0,0.5,0.5
851,Centiskorch,Fire,Bug,Tentacles,3.0,120.0,13.3,100,115,65,90,90,65,525,75,8,50,184,Medium Fast,Sizzlipede,False,True,False,False,False,False,False,False,False,0.5,Radiator ,Bug,,20,1.0,1.0,2.0,1.0,0.25,0.5,0.5,1.0,1.0,2.0,1.0,0.5,4.0,1.0,1.0,1.0,0.5,0.5
851,Centiskorch Gmax,Fire,Bug,Tentacles,75.0,10000.0,1.8,100,115,65,90,90,65,525,75,8,50,184,Medium Fast,Sizzlipede,False,False,False,False,False,False,False,False,False,0.5,Radiator ,Bug,,20,1.0,1.0,2.0,1.0,0.25,0.5,0.5,1.0,1.0,2.0,1.0,0.5,4.0,1.0,1.0,1.0,0.5,0.5
858,Hatterene,Psychic,Fairy,Blob,2.1,5.0,1.1,57,90,95,136,103,29,510,45,8,50,255,Slow,Hattrem,False,True,False,False,False,False,False,False,False,1.0,Silent ,Fairy,,20,1.0,1.0,1.0,1.0,1.0,1.0,0.25,2.0,1.0,1.0,0.5,1.0,1.0,2.0,0.0,1.0,2.0,1.0
858,Hatterene Gmax,Psychic,Fairy,Blob,26.0,10000.0,14.8,57,90,95,136,103,29,510,45,8,50,255,Slow,Hattrem,False,False,False,False,False,False,False,False,False,1.0,Silent ,Fairy,,20,1.0,1.0,1.0,1.0,1.0,1.0,0.25,2.0,1.0,1.0,0.5,1.0,1.0,2.0,0.0,1.0,2.0,1.0
860,Morgrem,Dark,Fairy,Humanoid,0.8,12.5,19.5,65,60,45,75,55,70,370,120,8,50,130,Medium Fast,Impidimp,False,True,False,False,False,False,False,False,False,0.0,Devious ,Fairy,Human-Like,20,1.0,1.0,1.0,1.0,1.0,1.0,1.0,2.0,1.0,1.0,0.0,1.0,1.0,0.5,0.0,0.25,2.0,2.0
861,Grimmsnarl,Dark,Fairy,Humanoid,1.5,61.0,27.1,95,120,65,95,75,60,510,45,8,50,255,Medium Fast,Morgrem,False,True,False,False,False,False,False,False,False,0.0,Bulk Up ,Fairy,Human-Like,20,1.0,1.0,1.0,1.0,1.0,1.0,1.0,2.0,1.0,1.0,0.0,1.0,1.0,0.5,0.0,0.25,2.0,2.0
861,Grimmsnarl Gmax,Dark,Fairy,Humanoid,32.0,10000.0,9.8,95,120,65,95,75,60,510,45,8,50,255,Medium Fast,Morgrem,False,False,False,False,False,False,False,False,False,0.0,Bulk Up ,Fairy,Human-Like,20,1.0,1.0,1.0,1.0,1.0,1.0,1.0,2.0,1.0,1.0,0.0,1.0,1.0,0.5,0.0,0.25,2.0,2.0
862,Obstagoon,Dark,Normal,Upright,1.6,46.0,18.0,93,90,101,60,81,95,520,45,8,50,260,Medium Fast,Linoone,False,True,False,False,False,False,False,False,False,0.5,Blocking ,Field,,15,1.0,1.0,1.0,1.0,1.0,1.0,4.0,1.0,1.0,1.0,0.0,2.0,1.0,0.0,1.0,0.5,1.0,2.0
866,Mr. Rime,Ice,Psychic,Humanoid,1.5,58.2,25.9,80,85,75,110,100,70,520,45,8,50,182,Medium Fast,Mr Mime,False,True,False,False,False,False,False,False,False,0.5,Comedian ,Human-Like,,25,1.0,2.0,1.0,1.0,1.0,0.5,1.0,1.0,1.0,1.0,0.5,2.0,2.0,2.0,1.0,2.0,2.0,1.0
867,Runerigus,Ground,Ghost,Blob,1.6,66.6,26.0,58,95,145,50,105,30,483,90,8,50,169,Medium Fast,Yamask,False,True,False,False,False,False,False,False,False,0.5,Grudge ,Mineral,Amorphous,25,0.0,1.0,2.0,0.0,2.0,2.0,0.0,0.25,1.0,1.0,1.0,0.5,0.5,2.0,1.0,2.0,1.0,1.0
873,Frosmoth,Ice,Bug,Bug-Wings,1.3,42.0,24.9,70,65,60,125,90,65,475,75,8,50,168,Medium Fast,Snom,False,True,False,False,False,False,False,False,False,0.5,Frost Moth ,Bug,,20,1.0,4.0,1.0,1.0,0.5,0.5,1.0,1.0,0.5,2.0,1.0,1.0,4.0,1.0,1.0,1.0,2.0,1.0
886,Drakloak,Dragon,Ghost,Arms,1.4,11.0,5.6,68,80,50,60,50,102,410,45,8,50,144,Slow,Dreepy,False,True,False,False,False,False,False,False,False,0.5,Caretaker ,Amorphous,Dragon,40,0.0,0.5,0.5,0.5,0.5,2.0,0.0,0.5,1.0,1.0,1.0,0.5,1.0,2.0,2.0,2.0,1.0,2.0
887,Dragapult,Dragon,Ghost,Upright,3.0,50.0,5.6,88,120,75,100,75,142,600,45,8,50,300,Slow,Drakloak,False,True,False,False,False,False,False,False,False,0.5,Stealth ,Amorphous,Dragon,40,0.0,0.5,0.5,0.5,0.5,2.0,0.0,0.5,1.0,1.0,1.0,0.5,1.0,2.0,2.0,2.0,1.0,2.0
892,Urshifu Rapid Strike,Fighting,Water,Humanoid,1.9,105.0,29.1,100,130,100,63,60,97,550,3,8,50,275,Slow,Kubfu,False,False,False,False,False,False,True,False,False,0.125,Wushu ,Undiscovered,,120,1.0,0.5,0.5,2.0,2.0,0.5,1.0,1.0,1.0,2.0,2.0,0.5,0.5,1.0,1.0,0.5,0.5,2.0
892,Urshifu Rapid Strike Gmax,Fighting,Water,Humanoid,26.0,10000.0,14.8,100,130,100,63,60,97,550,3,8,50,275,Slow,Kubfu,False,False,False,False,False,False,True,False,False,0.125,Wushu ,Undiscovered,,120,1.0,0.5,0.5,2.0,2.0,0.5,1.0,1.0,1.0,2.0,2.0,0.5,0.5,1.0,1.0,0.5,0.5,2.0
892,Urshifu Single Strike,Fighting,Dark,Humanoid,1.9,105.0,29.1,100,130,100,63,60,97,550,3,8,50,275,Slow,Kubfu,False,True,False,False,False,False,True,False,False,0.125,Wushu ,Undiscovered,,120,1.0,1.0,1.0,1.0,1.0,1.0,2.0,1.0,1.0,2.0,0.0,1.0,0.5,0.5,1.0,0.25,1.0,4.0
892,Urshifu Single Strike Gmax,Fighting,Dark,Humanoid,29.0,10000.0,11.9,100,130,100,63,60,97,550,3,8,50,275,Slow,Kubfu,False,False,False,False,False,False,True,False,False,0.125,Wushu ,Undiscovered,,120,1.0,1.0,1.0,1.0,1.0,1.0,2.0,1.0,1.0,2.0,0.0,1.0,0.5,0.5,1.0,0.25,1.0,4.0
